评价ID,订单ID,会员ID,门店ID,评分,评价时间,评价日期,评价平台,内容摘要Hash,负评标签,回复状态
RV00000001,O2026030700187521,M0007822,S00170,5,2026-03-07 01:00:00,2026-03-08,堂食扫码,7c794c9c7015761e6f17802c,,无需回复
RV00000002,O2026032101062950,M0003348,S00947,5,2026-03-22 22:00:00,2026-03-22,堂食扫码,19f365a95185035965832eb2,,无需回复
RV00000003,O2026041600356789,M0062571,S00317,4,2026-04-17 13:00:00,2026-04-17,堂食扫码,72bbeb75306e44a7f5ce5b9d,,无需回复
RV00000004,O2026042901271055,M0016744,S01150,5,2026-04-30 02:00:00,2026-04-30,小程序,1d795ba0b258280096c1cd95,,无需回复
RV00000005,O2026042000408343,,S00364,3,2026-04-21 20:00:00,2026-04-21,外卖-美团,000a58269d5960a3f33b0bb9,,无需回复
RV00000006,O2026033000238937,M0065772,S00216,4,2026-03-31 12:00:00,2026-03-30,外卖-饿了么,64dbab382fbef3728e883f1d,,无需回复
RV00000007,O2026021900752485,M0067600,S00672,5,2026-02-20 02:00:00,2026-02-19,外卖-美团,b63ec7a6347000046301ee29,,无需回复
RV00000008,O2026050700442537,M0039120,S00398,5,2026-05-07 18:00:00,2026-05-07,外卖-饿了么,1da47ae0369307367b741ea7,,无需回复
RV00000009,O2026040300199205,M0061945,S00180,3,2026-04-04 16:00:00,2026-04-04,堂食扫码,690f0f7980f7ec431367642a,,无需回复
RV00000010,O2026042200650694,M0077488,S00589,5,2026-04-23 10:00:00,2026-04-23,外卖-美团,d0d48fcca15407b0ff95e71a,,无需回复
RV00000011,O2026022801061132,,S00946,4,2026-03-01 01:00:00,2026-02-28,大众点评,439d1a6d10eea8641392362d,,无需回复
RV00000012,O2026032900764045,M0061166,S00683,3,2026-03-30 14:00:00,2026-03-30,外卖-美团,a54fc9c7710e92650fffc952,,无需回复
RV00000013,O2026030600091188,M0033064,S00084,5,2026-03-06 15:00:00,2026-03-07,外卖-美团,1913bfb511144c956d30576d,,无需回复
RV00000014,O2026032100658558,,S00594,5,2026-03-21 12:00:00,2026-03-21,小程序,c961aafe14641cff3558f811,,无需回复
RV00000015,O2026031700403764,M0066842,S00359,4,2026-03-17 14:00:00,2026-03-18,外卖-美团,929ceed0195839f7c6658ff7,,无需回复
RV00000016,O2026032501089823,,S00970,5,2026-03-25 21:00:00,2026-03-25,外卖-饿了么,4f517501eca8230b2fbfb49c,,无需回复
RV00000017,O2026040600474114,,S00426,2,2026-04-07 16:00:00,2026-04-06,小程序,b50df2dbe0edd946797c1013,服务态度差,未回复
RV00000018,O2026050400438578,,S00394,3,2026-05-05 09:00:00,2026-05-05,外卖-美团,b07aeccda1b960f7fd9c4cf7,,无需回复
RV00000019,O2026031200891226,,S00795,4,2026-03-13 07:00:00,2026-03-12,小程序,ca765822d2fc3fd3aebebad8,,无需回复
RV00000020,O2026030600369339,,S00329,4,2026-03-06 11:00:00,2026-03-06,堂食扫码,06281f54b0839c22a2c63e44,,无需回复
RV00000021,O2026030200787020,,S00705,4,2026-03-02 08:00:00,2026-03-03,堂食扫码,17bb2f9f756d2428cddac8c9,,无需回复
RV00000022,O2026051700797988,M0024892,S00714,4,2026-05-18 05:00:00,2026-05-17,外卖-饿了么,9cf94eb2fd9dd218f751788f,,无需回复
RV00000023,O2026040801184467,,S01055,4,2026-04-08 23:00:00,2026-04-09,小程序,76267c74474aa8567eb5918c,,无需回复
RV00000024,O2026051900522067,M0005357,S00474,5,2026-05-20 16:00:00,2026-05-20,堂食扫码,c99bd8066b0659eab4ca1c6b,,无需回复
RV00000025,O2026041100573679,,S00519,1,2026-04-11 15:00:00,2026-04-12,小程序,9bf08c353449d2a3ac1f66d3,口味不好,已回复
RV00000026,O2026022200836194,M0067272,S00748,5,2026-02-22 15:00:00,2026-02-23,堂食扫码,8ccee7ad2efa57ae4d27b752,,无需回复
RV00000027,O2026021900428197,,S00382,3,2026-02-20 09:00:00,2026-02-19,小程序,6c563c6d7c593157cc42197e,,无需回复
RV00000028,O2026050200343513,M0009231,S00303,5,2026-05-02 21:00:00,2026-05-02,外卖-美团,5bed220c5fbd3f383c04a801,,无需回复
RV00000029,O2026051100972867,,S00866,5,2026-05-11 23:00:00,2026-05-11,外卖-美团,3be777ffd04994683d433499,,无需回复
RV00000030,O2026042900100682,M0016031,S00093,5,2026-04-30 02:00:00,2026-04-30,大众点评,cfb4aadfdd1006ad1b7e073d,,无需回复
RV00000031,O2026031300678572,,S00611,4,2026-03-13 11:00:00,2026-03-14,堂食扫码,b5b4f9fee8f6be97522fc5be,,无需回复
RV00000032,O2026033000894220,M0033894,S00797,5,2026-03-30 04:00:00,2026-03-30,堂食扫码,852f24713ee69a85590d0ae6,,无需回复
RV00000033,O2026041400250263,M0018754,S00225,2,2026-04-14 10:00:00,2026-04-14,堂食扫码,17b9642caa7f9c69e3402843,出餐慢,已回复
RV00000034,O2026022600919762,,S00819,5,2026-02-27 14:00:00,2026-02-26,外卖-饿了么,41257ce68bf47d263f42af77,,无需回复
RV00000035,O2026043001007416,M0047345,S00896,5,2026-04-30 07:00:00,2026-04-30,小程序,e978f0e39638e789d79a7407,,无需回复
RV00000036,O2026050501077870,,S00959,5,2026-05-06 17:00:00,2026-05-05,堂食扫码,73007837976f4af4f9ad8371,,无需回复
RV00000037,O2026030800338343,,S00299,1,2026-03-09 23:00:00,2026-03-09,大众点评,fbcbd01ead87f54a47e7953b,卫生差,已回复
RV00000038,O2026050300842779,,S00753,4,2026-05-04 06:00:00,2026-05-04,外卖-饿了么,c3f32e4fbacb088aee56abcc,,无需回复
RV00000039,O2026031701226228,,S01096,5,2026-03-18 15:00:00,2026-03-17,堂食扫码,a1ebfc75f5199c18db73cdde,,无需回复
RV00000040,O2026050501261724,,S01136,3,2026-05-06 19:00:00,2026-05-06,堂食扫码,ee1b534bf84b669427051084,,无需回复
RV00000041,O2026050100566636,M0022201,S00513,4,2026-05-01 06:00:00,2026-05-02,小程序,ffe75e009ac5008ef6be98bb,,无需回复
RV00000042,O2026031200039954,M0009371,S00039,4,2026-03-13 10:00:00,2026-03-12,堂食扫码,029ed71dcb544883a18a96bd,,无需回复
RV00000043,O2026022000059724,M0041653,S00058,5,2026-02-21 07:00:00,2026-02-21,小程序,25122607a4616711aef68c44,,无需回复
RV00000044,O2026022500148333,M0003535,S00136,4,2026-02-26 21:00:00,2026-02-25,大众点评,94b7021c3434ef12f6ecb75d,,无需回复
RV00000045,O2026042100727269,,S00648,5,2026-04-22 03:00:00,2026-04-22,外卖-美团,a3ddb7d8abf6aa3c5128c078,,无需回复
RV00000046,O2026042300106319,M0066963,S00098,2,2026-04-23 16:00:00,2026-04-24,小程序,ce150323e261368e73544848,卫生差,已回复
RV00000047,O2026031800867209,,S00773,4,2026-03-18 08:00:00,2026-03-19,堂食扫码,02bd5fe8c458fe8d85e50f82,,无需回复
RV00000048,O2026031600027125,,S00027,5,2026-03-16 05:00:00,2026-03-17,外卖-美团,3fd3d50bf5928932d5a4e376,,无需回复
RV00000049,O2026050200378870,,S00337,4,2026-05-02 02:00:00,2026-05-03,大众点评,246f11083f556b7393688579,,无需回复
RV00000050,O2026032300186185,,S00169,5,2026-03-23 01:00:00,2026-03-23,外卖-饿了么,73a8d0aaf19d57747c4b1229,,无需回复
RV00000051,O2026030400115599,M0066282,S00106,5,2026-03-05 21:00:00,2026-03-05,大众点评,1c23766663d85f0452ba4d58,,无需回复
RV00000052,O2026043000994130,M0006829,S00885,5,2026-05-01 07:00:00,2026-05-01,堂食扫码,b49a5a6a3001965ccce16e42,,无需回复
RV00000053,O2026050100943209,,S00838,5,2026-05-02 20:00:00,2026-05-02,小程序,9948a6b36eaad4b7544081a6,,无需回复
RV00000054,O2026041200405330,,S00360,4,2026-04-13 05:00:00,2026-04-12,堂食扫码,2429377c15059e9b3fdeda07,,无需回复
RV00000055,O2026031800304520,M0079441,S00269,5,2026-03-18 05:00:00,2026-03-19,外卖-饿了么,7de372865000cfb448e1bcb3,,无需回复
RV00000056,O2026040500439604,,S00395,4,2026-04-05 20:00:00,2026-04-05,外卖-饿了么,a55738d197eb0d9166e38df7,,无需回复
RV00000057,O2026050300607066,,S00553,5,2026-05-03 23:00:00,2026-05-03,堂食扫码,fd99b134858e3bf727062f2e,,无需回复
RV00000058,O2026031100536787,,S00488,4,2026-03-12 14:00:00,2026-03-12,堂食扫码,adc14109ba00b23d52c47619,,无需回复
RV00000059,O2026030500260969,,S00235,5,2026-03-06 01:00:00,2026-03-05,外卖-美团,c21cbcb82e42112f3bd8c6c3,,无需回复
RV00000060,O2026032400942652,M0019856,S00838,5,2026-03-24 22:00:00,2026-03-24,外卖-饿了么,974d4c8f8ff04d8cb20c1081,,无需回复
RV00000061,O2026051501181289,M0063089,S01052,5,2026-05-15 15:00:00,2026-05-16,外卖-饿了么,def18eaa1e2885073eb70d1b,,无需回复
RV00000062,O2026021901032455,M0031159,S00921,5,2026-02-19 08:00:00,2026-02-20,堂食扫码,b65c5893b2cb8298eecb52e5,,无需回复
RV00000063,O2026042400465820,M0013773,S00418,5,2026-04-24 18:00:00,2026-04-25,堂食扫码,859d1fa814567ccffcbadff7,,无需回复
RV00000064,O2026041500176529,M0025398,S00159,4,2026-04-15 07:00:00,2026-04-16,小程序,608decc5f4a8ddf186d7cd5d,,无需回复
RV00000065,O2026042700553712,M0037818,S00503,5,2026-04-27 13:00:00,2026-04-28,外卖-美团,74de702662d84281ce70d8fc,,无需回复
RV00000066,O2026030300994929,M0020299,S00887,5,2026-03-04 23:00:00,2026-03-04,大众点评,58e358d54cef05c5f689940d,,无需回复
RV00000067,O2026051900390127,M0021896,S00347,5,2026-05-20 14:00:00,2026-05-20,外卖-饿了么,74e1f36ac88e577ef1b5657a,,无需回复
RV00000068,O2026040200424318,,S00378,4,2026-04-03 01:00:00,2026-04-03,外卖-美团,124336236368352f1ee4e7e5,,无需回复
RV00000069,O2026032900139232,,S00127,4,2026-03-29 17:00:00,2026-03-29,堂食扫码,b6a08e5da9c1aa3f21f40726,,无需回复
RV00000070,O2026031401243216,M0031637,S01110,5,2026-03-14 06:00:00,2026-03-15,堂食扫码,e4b8cfc053b4af4bfd530dee,,无需回复
RV00000071,O2026030200006226,,S00006,5,2026-03-03 05:00:00,2026-03-02,外卖-美团,6aec8fc7dd6adb80af375d36,,无需回复
RV00000072,O2026040900227683,,S00205,4,2026-04-09 03:00:00,2026-04-10,堂食扫码,5b13c9572f64aa986cd3a346,,无需回复
RV00000073,O2026031901078331,,S00960,4,2026-03-19 15:00:00,2026-03-19,外卖-饿了么,97714782fe694bc4bf054075,,无需回复
RV00000074,O2026051100825913,,S00736,4,2026-05-11 02:00:00,2026-05-12,堂食扫码,e52678e8433df9bff988e369,,无需回复
RV00000075,O2026051801274660,,S01154,3,2026-05-18 21:00:00,2026-05-19,小程序,787522d344680fee9a702afd,,无需回复
RV00000076,O2026052001266807,M0057904,S01146,5,2026-05-20 04:00:00,2026-05-20,外卖-饿了么,066a92b3e90a88b51ff30044,,无需回复
RV00000077,O2026030601041178,,S00928,4,2026-03-07 17:00:00,2026-03-07,堂食扫码,16ecfc5c705e2e3e29094bf2,,无需回复
RV00000078,O2026050400228025,M0076961,S00205,5,2026-05-04 11:00:00,2026-05-04,小程序,680bb84705441137202a2b68,,无需回复
RV00000079,O2026040800486703,,S00439,3,2026-04-08 09:00:00,2026-04-09,大众点评,cac6ce23622d33d9570c9325,,无需回复
RV00000080,O2026041200474197,M0009971,S00426,5,2026-04-13 16:00:00,2026-04-13,外卖-饿了么,2501d58403ef04787302b4a5,,无需回复
RV00000081,O2026051601129052,M0010734,S01004,4,2026-05-17 08:00:00,2026-05-16,大众点评,767d811de1184c094b34a792,,无需回复
RV00000082,O2026041600374681,M0025112,S00333,4,2026-04-17 23:00:00,2026-04-17,外卖-美团,3449dd21ef2550dc195408ca,,无需回复
RV00000083,O2026041201123626,M0054998,S00999,5,2026-04-12 01:00:00,2026-04-12,大众点评,a994bc037bcfc8d761b3bdb0,,无需回复
RV00000084,O2026041901042085,,S00928,5,2026-04-20 05:00:00,2026-04-19,外卖-美团,59dd2c825fc7c801bf46f54e,,无需回复
RV00000085,O2026051101260379,M0035476,S01132,5,2026-05-12 16:00:00,2026-05-12,外卖-美团,cf9b5c971ad757294d812bdb,,无需回复
RV00000086,O2026031800327251,M0026449,S00286,5,2026-03-19 11:00:00,2026-03-19,堂食扫码,d5fbcc858a798e1841a4511b,,无需回复
RV00000087,O2026022200143997,,S00131,5,2026-02-22 17:00:00,2026-02-23,堂食扫码,3c18b36cdd83794b9eef05f5,,无需回复
RV00000088,O2026041300833778,M0076470,S00745,5,2026-04-14 22:00:00,2026-04-14,堂食扫码,28183122ad624427251e3458,,无需回复
RV00000089,O2026040800245698,M0030726,S00221,3,2026-04-08 20:00:00,2026-04-08,堂食扫码,f4d7aef9ff3f2b3008090ab7,,无需回复
RV00000090,O2026042500256051,M0020970,S00230,5,2026-04-25 05:00:00,2026-04-25,外卖-美团,2369e810520e6e895c8ca590,,无需回复
RV00000091,O2026030100596597,,S00543,4,2026-03-01 10:00:00,2026-03-02,堂食扫码,04f31bd5c5bd69f5b4e7e3d6,,无需回复
RV00000092,O2026043001161324,,S01033,5,2026-04-30 13:00:00,2026-05-01,堂食扫码,d6e66ddeb5fb5b3f48ee5658,,无需回复
RV00000093,O2026031100751399,,S00671,5,2026-03-11 05:00:00,2026-03-11,外卖-饿了么,7e7fd2254bc47ef0fcd4b6da,,无需回复
RV00000094,O2026051200739485,M0054524,S00658,5,2026-05-13 00:00:00,2026-05-13,小程序,db3887e008c2b06cd1782cab,,无需回复
RV00000095,O2026032201044231,M0039471,S00930,4,2026-03-23 13:00:00,2026-03-23,外卖-美团,3cd77ac24fec567a2891d798,,无需回复
RV00000096,O2026022000695521,,S00627,4,2026-02-21 13:00:00,2026-02-20,堂食扫码,b7102d7f94887f5a5c07ba14,,无需回复
RV00000097,O2026032500480371,,S00432,1,2026-03-26 01:00:00,2026-03-25,堂食扫码,ce8b2e6221debdda826d779a,等位久,已回复
RV00000098,O2026042401108650,M0015959,S00985,5,2026-04-24 05:00:00,2026-04-25,外卖-美团,7728b76c72fb0323f030162a,,无需回复
RV00000099,O2026032600168057,M0020391,S00149,4,2026-03-27 17:00:00,2026-03-26,外卖-饿了么,b04c82aabf634568476c42a0,,无需回复
RV00000100,O2026051800461484,M0042878,S00414,4,2026-05-18 06:00:00,2026-05-18,外卖-美团,d1c2fbd61c3bb7effe32aa49,,无需回复
RV00000101,O2026030600201974,,S00183,4,2026-03-06 06:00:00,2026-03-06,堂食扫码,481656d01723f1d4a559a8e5,,无需回复
RV00000102,O2026040500413026,M0004528,S00368,4,2026-04-05 03:00:00,2026-04-05,外卖-美团,5db27b32aa063edaed9c1711,,无需回复
RV00000103,O2026041700382169,,S00340,4,2026-04-18 20:00:00,2026-04-18,堂食扫码,a54eddef6da08f1d4e1ba239,,无需回复
RV00000104,O2026041900687256,M0044956,S00617,3,2026-04-19 06:00:00,2026-04-19,堂食扫码,8d0e7a7501694a137cf47688,,无需回复
RV00000105,O2026050100130525,M0011178,S00119,5,2026-05-01 23:00:00,2026-05-01,外卖-美团,ba31e4a0edbd5f90c2676e83,,无需回复
RV00000106,O2026051000790660,M0023056,S00707,5,2026-05-10 20:00:00,2026-05-11,外卖-美团,82ab489c6f6732e992f44bf7,,无需回复
RV00000107,O2026041101004916,,S00895,5,2026-04-11 10:00:00,2026-04-11,外卖-饿了么,c6fd86139ede34055bf3e0ae,,无需回复
RV00000108,O2026042700372814,M0076760,S00331,5,2026-04-28 02:00:00,2026-04-27,外卖-饿了么,757dd46fcf9e100e2851b888,,无需回复
RV00000109,O2026041700322765,M0063980,S00283,2,2026-04-17 01:00:00,2026-04-18,外卖-美团,a64544c6748be2343e0323a2,等位久,已回复
RV00000110,O2026051000416322,M0026345,S00370,5,2026-05-10 03:00:00,2026-05-10,堂食扫码,2cca3f5de7a097d562d59049,,无需回复
RV00000111,O2026031300955538,,S00850,5,2026-03-13 16:00:00,2026-03-13,堂食扫码,ad4074b6c9b215c0721a7a21,,无需回复
RV00000112,O2026042300147985,M0039876,S00135,2,2026-04-23 19:00:00,2026-04-24,小程序,a292abd1a93e65f5a20b44e1,卫生差,已回复
RV00000113,O2026031300026213,,S00026,5,2026-03-14 00:00:00,2026-03-14,外卖-饿了么,bb1aa650b03150e13afa88dd,,无需回复
RV00000114,O2026051800482335,,S00434,5,2026-05-19 06:00:00,2026-05-18,堂食扫码,4ff9265deee2658056f08615,,无需回复
RV00000115,O2026042500078009,M0021564,S00070,5,2026-04-26 10:00:00,2026-04-26,外卖-美团,1f65064226dbee18deacb270,,无需回复
RV00000116,O2026040600191038,M0033703,S00172,5,2026-04-06 08:00:00,2026-04-06,堂食扫码,3f2eff5b773a30fd3287af8d,,无需回复
RV00000117,O2026022000603681,,S00550,4,2026-02-21 09:00:00,2026-02-21,外卖-美团,20deb9f0c8f155b4ab3eaaf4,,无需回复
RV00000118,O2026042500812629,M0064095,S00725,4,2026-04-26 05:00:00,2026-04-26,堂食扫码,2b51a4e1b226054cc75620f1,,无需回复
RV00000119,O2026031200571391,M0060409,S00518,4,2026-03-12 21:00:00,2026-03-13,外卖-饿了么,64d3606a340e848277e21a44,,无需回复
RV00000120,O2026041200893408,M0072658,S00796,5,2026-04-13 09:00:00,2026-04-13,外卖-饿了么,a1ef71fed466e677a32de270,,无需回复
RV00000121,O2026031600768663,M0019618,S00687,4,2026-03-17 15:00:00,2026-03-17,外卖-饿了么,26b039c6684f0e3d0a626559,,无需回复
RV00000122,O2026030801243127,,S01110,5,2026-03-09 05:00:00,2026-03-08,小程序,64ce7898305abd90df0261ba,,无需回复
RV00000123,O2026032601105728,M0053311,S00983,4,2026-03-26 14:00:00,2026-03-26,外卖-美团,efbcb850c6238a84601f4ba9,,无需回复
RV00000124,O2026031900611456,M0047784,S00557,5,2026-03-20 11:00:00,2026-03-20,堂食扫码,123e661b312aaeba06ff0304,,无需回复
RV00000125,O2026030800028024,M0051640,S00028,5,2026-03-08 14:00:00,2026-03-09,小程序,119007ec67a5c113e5538824,,无需回复
RV00000126,O2026032600981272,M0048434,S00875,5,2026-03-26 02:00:00,2026-03-26,小程序,38bb5340ee9093bb846631fd,,无需回复
RV00000127,O2026021901001545,,S00894,4,2026-02-19 22:00:00,2026-02-19,堂食扫码,28c61e8448de218be892bc56,,无需回复
RV00000128,O2026040200556129,M0028558,S00504,5,2026-04-02 08:00:00,2026-04-03,堂食扫码,d8436df59ed88e2d1d02b9c9,,无需回复
RV00000129,O2026051701277552,M0018922,S01160,5,2026-05-18 12:00:00,2026-05-17,堂食扫码,e2d533a8e68176df00071415,,无需回复
RV00000130,O2026041200362293,M0052040,S00322,4,2026-04-13 04:00:00,2026-04-13,小程序,a55708fd45f3774e390008e9,,无需回复
RV00000131,O2026042800256105,M0071704,S00230,5,2026-04-28 12:00:00,2026-04-29,小程序,99c47570ee2a831e18be35b7,,无需回复
RV00000132,O2026031201254504,M0005301,S01120,3,2026-03-12 16:00:00,2026-03-13,堂食扫码,8acdfd543eff1fcf85795a79,,无需回复
RV00000133,O2026030500267378,M0030691,S00240,5,2026-03-06 19:00:00,2026-03-05,外卖-饿了么,26c601fa50e147aa796faecd,,无需回复
RV00000134,O2026022600257187,,S00232,5,2026-02-27 05:00:00,2026-02-27,大众点评,e79e4d3c1e238ffc28135a8e,,无需回复
RV00000135,O2026050600126284,,S00115,5,2026-05-06 01:00:00,2026-05-07,外卖-美团,c6bb16bf1a834b0a4043cb0d,,无需回复
RV00000136,O2026022400953712,,S00849,4,2026-02-24 02:00:00,2026-02-24,堂食扫码,df6f5b8b86a9835017891853,,无需回复
RV00000137,O2026041900801185,,S00717,5,2026-04-20 07:00:00,2026-04-20,外卖-饿了么,b5bb0af4d43ae520a85ada9e,,无需回复
RV00000138,O2026042800174375,,S00156,3,2026-04-28 14:00:00,2026-04-29,外卖-美团,200e6fa893898654542223d7,,无需回复
RV00000139,O2026030700918201,,S00817,3,2026-03-07 21:00:00,2026-03-07,堂食扫码,de58ed045d8d3a9fe9b4a14e,,无需回复
RV00000140,O2026051000359129,,S00319,5,2026-05-10 04:00:00,2026-05-11,堂食扫码,0d00cd54fd88a4f4fd02c21c,,无需回复
RV00000141,O2026022400185781,,S00169,4,2026-02-24 22:00:00,2026-02-24,堂食扫码,bd79f30dba55543a6b91069f,,无需回复
RV00000142,O2026030101102273,,S00980,3,2026-03-01 20:00:00,2026-03-01,外卖-美团,a5e0de3d84a819f04a66a8f8,,无需回复
RV00000143,O2026041501022688,,S00911,4,2026-04-15 21:00:00,2026-04-15,小程序,fdb8e74481ea73162efc150c,,无需回复
RV00000144,O2026042100295395,M0050474,S00261,4,2026-04-21 20:00:00,2026-04-22,大众点评,4615b92e9d44e49bd247aaf1,,无需回复
RV00000145,O2026051000013248,M0025328,S00011,5,2026-05-10 22:00:00,2026-05-11,外卖-美团,f9694729bd7a16196b117833,,无需回复
RV00000146,O2026031100220242,,S00198,5,2026-03-12 21:00:00,2026-03-11,堂食扫码,fc8f4fcc28e8e42015df45f9,,无需回复
RV00000147,O2026051300026768,M0036115,S00026,5,2026-05-13 09:00:00,2026-05-13,大众点评,23607f7d5ac530a94059eb91,,无需回复
RV00000148,O2026050500492408,M0007928,S00445,2,2026-05-06 06:00:00,2026-05-06,外卖-美团,496383df1d23ad13d7575758,等位久,未回复
RV00000149,O2026031800226276,M0042419,S00204,2,2026-03-19 17:00:00,2026-03-19,外卖-美团,43a772415b507be2df2cb87d,口味不好,已回复
RV00000150,O2026041900770291,M0025216,S00688,5,2026-04-20 00:00:00,2026-04-19,外卖-美团,a601df9a1125b30b7a36b9c3,,无需回复
RV00000151,O2026050301074670,M0067944,S00956,5,2026-05-03 02:00:00,2026-05-04,大众点评,6cd35c1b42eb109067a87e0a,,无需回复
RV00000152,O2026042700910039,,S00810,5,2026-04-28 14:00:00,2026-04-27,堂食扫码,5035d32debe3aaa0f5997bd1,,无需回复
RV00000153,O2026022700684069,M0015135,S00615,5,2026-02-28 23:00:00,2026-02-27,小程序,2330be897f0c93c85b850093,,无需回复
RV00000154,O2026051800210790,,S00188,5,2026-05-19 01:00:00,2026-05-18,外卖-饿了么,da7198bc427854984253906c,,无需回复
RV00000155,O2026040600354551,M0043410,S00314,5,2026-04-07 22:00:00,2026-04-07,外卖-饿了么,69a63520bb1c1d6ec5130aae,,无需回复
RV00000156,O2026040800670653,M0032578,S00602,4,2026-04-09 11:00:00,2026-04-08,小程序,8f889da229a512e35317b7fa,,无需回复
RV00000157,O2026051000520600,M0036067,S00473,5,2026-05-10 10:00:00,2026-05-11,小程序,3b60f743bc71694af7920591,,无需回复
RV00000158,O2026051301282774,M0063020,S01175,5,2026-05-14 00:00:00,2026-05-14,外卖-美团,f0b04399b9b81e8a10972774,,无需回复
RV00000159,O2026032000596003,,S00542,5,2026-03-21 22:00:00,2026-03-20,堂食扫码,47cb112c16c1f8c1b0f388ed,,无需回复
RV00000160,O2026051300705963,,S00636,3,2026-05-13 06:00:00,2026-05-13,外卖-美团,5865fdfc3a35084d2e75a131,,无需回复
RV00000161,O2026022300047343,M0010806,S00046,5,2026-02-23 21:00:00,2026-02-24,堂食扫码,9f011cb24aa0468f3d945b85,,无需回复
RV00000162,O2026042700993251,,S00884,4,2026-04-28 23:00:00,2026-04-28,堂食扫码,d1cd7381ae49c0684ec14275,,无需回复
RV00000163,O2026022300957394,,S00852,1,2026-02-24 02:00:00,2026-02-24,外卖-饿了么,9c89490f5081b6255ff47b01,卫生差,已回复
RV00000164,O2026030600561036,,S00508,4,2026-03-07 05:00:00,2026-03-06,外卖-饿了么,e3ccb48554c55b60aff6b710,,无需回复
RV00000165,O2026032200416719,,S00371,5,2026-03-23 05:00:00,2026-03-22,外卖-美团,d2de162d538c5d7564c6fc04,,无需回复
RV00000166,O2026032000144249,,S00131,5,2026-03-21 17:00:00,2026-03-20,大众点评,2091574b16060ed48a03fc39,,无需回复
RV00000167,O2026042400600551,,S00546,5,2026-04-24 11:00:00,2026-04-25,堂食扫码,7ef181b7796e7b99d2af0c6b,,无需回复
RV00000168,O2026040200054321,M0025156,S00052,5,2026-04-03 06:00:00,2026-04-02,外卖-饿了么,66505d048bbcdcd9b11d16e3,,无需回复
RV00000169,O2026040800899100,,S00801,5,2026-04-09 18:00:00,2026-04-08,外卖-饿了么,f98ae2b3f09cd17e50249360,,无需回复
RV00000170,O2026022200580442,,S00526,3,2026-02-23 12:00:00,2026-02-23,堂食扫码,5a01315e486881b84c4c3d92,,无需回复
RV00000171,O2026031600024279,,S00023,4,2026-03-16 23:00:00,2026-03-16,外卖-美团,a05805438c31d0724a7c9379,,无需回复
RV00000172,O2026051600316278,M0044161,S00278,2,2026-05-16 16:00:00,2026-05-17,外卖-饿了么,fe92bbe71876146518b4222c,卫生差,未回复
RV00000173,O2026043000382357,M0052001,S00340,5,2026-04-30 17:00:00,2026-04-30,外卖-美团,61ff1fd8b152d8ce4fb4fa2a,,无需回复
RV00000174,O2026031901201197,,S01072,4,2026-03-19 03:00:00,2026-03-20,外卖-饿了么,5ac09788836068250a43c3a8,,无需回复
RV00000175,O2026041800255951,,S00230,5,2026-04-18 21:00:00,2026-04-18,堂食扫码,3f1411b50497908d00e484f1,,无需回复
RV00000176,O2026040600439621,,S00395,5,2026-04-06 13:00:00,2026-04-06,外卖-饿了么,d05686e29e964c5f3d2c70ec,,无需回复
RV00000177,O2026040900669680,,S00601,5,2026-04-10 14:00:00,2026-04-10,外卖-饿了么,ddab7b1bff04ef047804e0ec,,无需回复
RV00000178,O2026031000852338,M0050544,S00761,5,2026-03-10 02:00:00,2026-03-10,大众点评,3d9736f14ed2e5cf3189ef5a,,无需回复
RV00000179,O2026041600244629,M0021590,S00220,5,2026-04-16 11:00:00,2026-04-16,堂食扫码,4342646e4b92a314d94d098a,,无需回复
RV00000180,O2026031000212251,,S00190,3,2026-03-11 06:00:00,2026-03-10,堂食扫码,a7a70544c6edc4fbb44a0602,,无需回复
RV00000181,O2026021900535365,,S00487,3,2026-02-19 16:00:00,2026-02-20,堂食扫码,363d0f37732ddc47e124e10d,,无需回复
RV00000182,O2026040700405277,,S00360,2,2026-04-07 04:00:00,2026-04-07,外卖-美团,c40922671b55d973c576b400,出餐慢,已回复
RV00000183,O2026050801282460,M0078495,S01174,5,2026-05-08 09:00:00,2026-05-09,堂食扫码,5694e03edfdfd62c13b5f37b,,无需回复
RV00000184,O2026031900593775,M0038860,S00539,5,2026-03-20 09:00:00,2026-03-19,大众点评,6ffbbfa685ef3c0f8eff3f19,,无需回复
RV00000185,O2026030200237520,,S00215,5,2026-03-03 17:00:00,2026-03-02,大众点评,c6fda9dfc7e43b6c9c30166f,,无需回复
RV00000186,O2026041901246071,,S01112,5,2026-04-20 01:00:00,2026-04-20,外卖-美团,6aca9a9611f10719b6160ac3,,无需回复
RV00000187,O2026041600766819,,S00685,5,2026-04-16 16:00:00,2026-04-16,小程序,3063da1ff59e0a118f146e19,,无需回复
RV00000188,O2026041301017509,M0042910,S00906,5,2026-04-14 06:00:00,2026-04-14,外卖-美团,c7c6b0377eed85c9beec445e,,无需回复
RV00000189,O2026041900887423,M0037048,S00791,4,2026-04-19 23:00:00,2026-04-20,外卖-美团,eead37d8041973c2d76d1512,,无需回复
RV00000190,O2026050100417973,M0031789,S00372,4,2026-05-02 00:00:00,2026-05-02,外卖-饿了么,19de31dbc9909e3e7e2acd52,,无需回复
RV00000191,O2026051900828570,M0069068,S00739,4,2026-05-19 16:00:00,2026-05-20,外卖-美团,3e3ba0982d52c03dfecf4a6c,,无需回复
RV00000192,O2026021900460886,M0016231,S00414,5,2026-02-20 21:00:00,2026-02-19,外卖-美团,4b8711818f9aad4c84656ee2,,无需回复
RV00000193,O2026030600688867,,S00619,5,2026-03-07 17:00:00,2026-03-06,小程序,9f03c1937455e5dc962c6ae4,,无需回复
RV00000194,O2026050300601746,M0055496,S00547,5,2026-05-03 03:00:00,2026-05-04,堂食扫码,1429810bc428ca3b2369ed77,,无需回复
RV00000195,O2026051400549420,,S00499,3,2026-05-15 18:00:00,2026-05-15,堂食扫码,2b94bd64cb880e5ce4470a59,,无需回复
RV00000196,O2026041000163009,M0003165,S00146,5,2026-04-11 07:00:00,2026-04-10,外卖-美团,3bc030a1383318f5d71888fa,,无需回复
RV00000197,O2026041200344976,,S00305,5,2026-04-13 15:00:00,2026-04-12,小程序,1ee0b25c462ddcd4acd49897,,无需回复
RV00000198,O2026031900818629,,S00731,5,2026-03-20 16:00:00,2026-03-20,外卖-美团,5ad96ef62d8cbd0116b06163,,无需回复
RV00000199,O2026051800390121,M0003277,S00347,5,2026-05-18 23:00:00,2026-05-18,外卖-美团,b8b56c709cf8e670beccc0ed,,无需回复
RV00000200,O2026022500576404,M0044939,S00522,5,2026-02-25 16:00:00,2026-02-26,大众点评,322f6d43c5df5a9fa0d11f6d,,无需回复
