门店ID,门店名称,省份,城市,城市层级,门店类型,商圈,品牌线,直营加盟类型,是否90天内新店,新店标签,开业日期,月份,月营收,堂食营收,外卖营收,订单数,原材料成本,包材成本,平台抽佣,人工成本,房租物业,能耗水电,设备折旧,总部分摊,变动成本合计,半固定成本合计,固定成本合计,成本总计,毛利,店面贡献利润,单店净利润,毛利率,店面贡献利润率,单店净利率,堂食占比,外卖占比,人工占比,房租占比,客单价
S00885,长沙校园0885店,湖南,长沙,新一线,学校店,校园,主品牌,直营,FALSE,非新店,2021-09-23,2026-05,16670.250000000004,12367.450000000003,4302.8,183,6349.64,224.71,1066.08,2441.92,2335.99,427.36,466.58,699.1,7640.43,2869.28,3501.6699999999996,14011.380000000001,9029.820000000003,3824.550000000003,2658.8700000000026,0.541672740360822,0.229423673910109,0.159497907949791,0.741887494188749,0.258112505811251,0.146483706003209,0.140129272206476,91.09426229508199
S00911,武汉社区0911店,湖北,武汉,新一线,快取店,社区,主品牌,直营,FALSE,非新店,2023-03-20,2026-04,19905.59999999999,10656.029999999997,9249.570000000002,259,7260.91,333.7,2196.89,1950.76,1004.08,441.43,502.35,912.27,9791.5,2392.19,2418.7,14602.390000000001,10114.099999999991,6717.829999999991,5303.20999999999,0.508103247327385,0.337484426493047,0.266417992926613,0.53532824933687,0.46467175066313,0.098000562655735,0.050442086648983,76.85559845559843
S00914,中山CBD0914店,广东,中山,二线,写字楼店,CBD,主品牌,直营,FALSE,非新店,2024-11-06,2026-03,32351.499999999996,23518.550000000003,8832.949999999999,387,12508.88,465.73,2148.19,6942.06,4364.83,863.4,881.34,1572.47,15122.8,7805.46,6818.64,29746.900000000005,17228.699999999997,5058.409999999998,2604.5999999999913,0.532547177101525,0.156357819575599,0.080509404509837,0.726969383181615,0.273030616818386,0.214582322303448,0.134918937298116,83.59560723514211
S00916,厦门写字楼0916店,福建,厦门,二线,快取店,写字楼,主品牌,加盟,FALSE,非新店,2025-06-20,2026-03,21922.069999999992,12655.859999999999,9266.21,298,9054.28,327.6,2082.14,1887.31,2200.12,618.91,632.15,441.85,11464.02,2506.22,3274.12,17244.36,10458.049999999992,5751.709999999993,4677.709999999992,0.477055770736979,0.262370752397013,0.213379028531521,0.57731135791465,0.422688642085351,0.086091778741697,0.100360960438499,73.56399328859058
S00916,厦门写字楼0916店,福建,厦门,二线,快取店,写字楼,主品牌,加盟,FALSE,非新店,2025-06-20,2026-04,33467.90999999999,20330.68,13137.229999999996,287,13922.29,493.9,2660.27,3958.92,3227.74,584.24,714.46,546.43,17076.46,4543.16,4488.63,26108.249999999996,16391.44999999999,8620.54999999999,7359.659999999993,0.489766167053754,0.257576586049144,0.219901989696996,0.607467869968576,0.392532130031424,0.118290027671283,0.096442831356963,116.61292682926826
S00924,苏州CBD0924店,江苏,苏州,新一线,外卖卫星店,CBD,主品牌,加盟,FALSE,非新店,2021-09-09,2026-04,31529.409999999996,5455.29,26074.11999999999,340,12064.18,672.44,6465.77,3048.94,2411.35,990.86,802.41,699.2,19202.39,4039.8,3912.96,27155.149999999998,12327.019999999997,5875.869999999997,4374.259999999998,0.390968939793038,0.186361558938147,0.138735865974022,0.173022267146769,0.826977732853231,0.096701460636276,0.076479388608921,92.7335588235294
S00926,武汉购物中心0926店,湖北,武汉,新一线,外卖卫星店,购物中心,子品牌-便利,加盟,FALSE,非新店,2025-03-25,2026-05,14964.590000000002,1477.12,13487.470000000001,198,5469.52,353.9,3020.31,1753.38,946.68,222.38,413.73,343.87,8843.73,1975.7600000000002,1704.2799999999997,12523.77,6120.860000000002,3198.4200000000023,2440.8200000000015,0.409022900059407,0.213732551309458,0.163106373111459,0.098707682602731,0.901292317397269,0.117168595998955,0.06326133893411,75.57873737373738
S00929,常州购物中心0929店,江苏,常州,二线,商场店,购物中心,主品牌,直营,FALSE,非新店,2024-07-20,2026-04,32026.699999999986,20294.159999999996,11732.54,323,13362.5,444.74,2393.84,6036.07,8920.13,1071.82,716.52,1419.1,16201.08,7107.889999999999,11055.75,34364.719999999994,15825.619999999986,-202.40000000001237,-2338.0200000000077,0.494138328332298,-0.006319726977803,-0.073002213777879,0.633663786777907,0.366336213222093,0.188469932899737,0.278521670980776,99.1538699690402
S00933,天津购物中心0933店,天津,天津,新一线,商场店,购物中心,主品牌,直营,FALSE,非新店,2023-09-12,2026-04,40361.590000000004,29632.72000000001,10728.869999999999,461,14401.6,587.11,2357.31,7393.89,9765.11,1196.35,811.89,1755.84,17346.02,8590.24,12332.84,38269.1,23015.570000000003,4660.220000000003,2092.4900000000052,0.570234472923391,0.11546175460382,0.051843596845417,0.734181185627226,0.265818814372774,0.183191246925604,0.241940666856781,87.55225596529284
S00934,海口社区0934店,海南,海口,二线,快取店,社区,子品牌-便利,加盟,FALSE,非新店,2023-09-30,2026-05,11572.73,3877.99,7694.740000000001,123,4733.66,242.73,1663.55,1110.75,1230.45,231.09,280.17,278.93,6639.94,1341.84,1789.5500000000002,9771.33,4932.79,2360.5,1801.3999999999996,0.426242554695392,0.203970886731134,0.155659036372576,0.335097250173468,0.664902749826532,0.095979945959164,0.106323227103717,94.08723577235772
S00938,沈阳校园0938店,辽宁,沈阳,新一线,学校店,校园,主品牌,加盟,FALSE,非新店,2021-06-14,2026-04,31858.880000000005,26284.210000000006,5574.67,322,11759.02,387.57,1193.73,4934.98,3280.08,657.06,945.88,708.01,13340.32,5592.039999999999,4933.97,23866.329999999998,18518.560000000005,9646.440000000006,7992.550000000007,0.581268393615846,0.302786538635382,0.250873539810565,0.825019900260147,0.174980099739853,0.154901239466045,0.102956538334053,98.94062111801243
S00953,无锡购物中心0953店,江苏,无锡,二线,快取店,购物中心,子品牌-便利,加盟,FALSE,非新店,2023-07-22,2026-04,24263.460000000003,14573.490000000002,9689.97,267,9438.55,414.47,2171.68,1956.06,2184.23,517.91,637.71,399.84,12024.699999999999,2473.97,3221.78,17720.449999999997,12238.760000000004,7580.560000000005,6543.010000000006,0.50441115982634,0.312426999282048,0.269665167292711,0.600635276254912,0.399364723745088,0.08061752116145,0.090021373703503,90.87438202247192
S00954,苏州社区0954店,江苏,苏州,新一线,快取店,社区,主品牌,加盟,FALSE,非新店,2022-06-26,2026-04,26476.55000000001,16223.390000000001,10253.160000000002,255,9458.74,449.34,2094.68,3173.33,1720.35,541.29,693.21,442.57,12002.76,3714.62,2856.13,18573.51,14473.79000000001,9038.820000000009,7903.040000000012,0.546664501228446,0.341389644798888,0.298492061843405,0.612745618292413,0.387254381707586,0.119854361689873,0.064976365878485,103.8296078431373
S00887,海口写字楼0887店,海南,海口,二线,写字楼店,写字楼,主品牌,直营,FALSE,非新店,2025-08-11,2026-02,10962.26,6973.19,3989.07,122,4031.79,159.71,947.92,2127.75,1399.42,382.97,220.92,502.96,5139.42,2510.7200000000003,2123.3,9773.439999999999,5822.84,1912.6999999999998,1188.8200000000015,0.531171492009859,0.174480444725814,0.108446615935035,0.636108795084225,0.363891204915775,0.194097749916532,0.127657982934176,89.85459016393443
S00915,昆明街边店0915店,云南,昆明,二线,学校店,街边店,主品牌,直营,FALSE,非新店,2021-11-24,2026-04,18109.520000000004,11585.389999999998,6524.129999999999,214,6639.84,277.75,1348.09,2830.83,2524.5,374.66,378.27,783.83,8265.68,3205.49,3686.6,15157.77,9843.840000000004,4113.850000000004,2951.7500000000036,0.543572662334507,0.227165049101246,0.162994380856036,0.639740313382132,0.360259686617867,0.156317229832707,0.139401817386656,84.62392523364488
S00937,厦门CBD0937店,福建,厦门,二线,外卖卫星店,CBD,主品牌,加盟,FALSE,非新店,2022-10-29,2026-05,12541.170000000002,1487.5199999999998,11053.650000000003,165,4739.96,287.9,2575.35,1153.67,683.86,267.57,350.5,197.36,7603.209999999999,1421.24,1231.7200000000003,10256.17,4937.960000000003,2832.860000000003,2285.000000000002,0.393739978008432,0.22588482573795,0.18219990638832,0.118610942998141,0.881389057001859,0.091990619694973,0.054529202618257,76.00709090909092
S00946,武汉CBD0946店,湖北,武汉,新一线,写字楼店,CBD,主品牌,直营,FALSE,非新店,2021-03-14,2026-03,48826.679999999986,32885.72,15940.960000000006,512,18354.35,757.34,3836.97,9796.59,7242.81,1407.15,1244.89,2176.12,22948.66,11203.74,10663.82,44816.22,25878.019999999986,7431.469999999986,4010.4599999999846,0.529997534135026,0.152201009775803,0.08213665151921,0.673519477466009,0.326480522533992,0.200640100862889,0.148337138629946,95.36460937499997
S00947,长沙写字楼0947店,湖南,长沙,新一线,学校店,写字楼,主品牌,加盟,FALSE,非新店,2024-05-28,2026-02,12429.289999999999,6888.980000000001,5540.31,134,4372.01,209.41,1294.77,1898.05,1647.61,234.41,340.98,199.77,5876.1900000000005,2132.46,2188.36,10197.01,6553.0999999999985,2773.029999999999,2232.279999999999,0.527230437136795,0.223104457294021,0.179598351957352,0.554253702343416,0.445746297656584,0.15270783769628,0.132558657815531,92.75589552238806
S00961,兰州交通枢纽0961店,甘肃,兰州,三线,交通店,交通枢纽,主品牌,加盟,FALSE,非新店,2022-03-02,2026-04,19295.789999999997,14411.249999999996,4884.540000000001,217,6871.16,281.96,1026.11,3241.58,6648.64,637.58,404.96,472.67,8179.23,3879.16,7526.27,19584.66,11116.559999999998,588.7599999999975,-288.8700000000026,0.576113235063192,0.03051235528579,-0.014970623125563,0.746859807242927,0.253140192757073,0.167994158311217,0.344564280602142,88.92069124423962
S00963,贵阳购物中心0963店,贵州,贵阳,二线,商场店,购物中心,主品牌,加盟,FALSE,非新店,2022-04-17,2026-04,25363.179999999997,18962.539999999997,6400.639999999999,325,10560.5,362.82,1490.98,4633.5,5869.04,770.45,734.16,509.58,12414.3,5403.95,7112.78,24931.030000000002,12948.879999999997,1675.8899999999976,432.1499999999942,0.510538505029732,0.066075705018062,0.017038478613486,0.747640477258766,0.252359522741234,0.182686082738836,0.23140000583523,78.04055384615384
S00970,广州CBD0970店,广东,广州,一线,快取店,CBD,子品牌-便利,加盟,FALSE,非新店,2022-09-06,2026-04,47065.49999999996,27428.500000000004,19636.999999999996,533,19212.08,770.2,4140.7,3794.01,4013.54,1171.36,1082.69,837.25,24122.980000000003,4965.37,5933.48,35021.83000000001,22942.51999999996,13963.60999999996,12043.669999999955,0.487459391698802,0.296684620369484,0.255891682867492,0.582772944088558,0.417227055911443,0.080611275775249,0.085275626520487,88.30300187617254
S00975,深圳CBD0975店,广东,深圳,一线,写字楼店,CBD,主品牌,直营,FALSE,非新店,2025-02-14,2026-03,53175.38,38617.62,14557.759999999998,672,18799.34,745.85,3267.62,10269.68,10965.35,2003.05,1119.14,2290.04,22812.809999999998,12272.73,14374.529999999999,49460.07,30362.57,7124.49,3715.3099999999977,0.570989243518335,0.133980988946388,0.069868988242303,0.726231199476149,0.273768800523851,0.193128474117157,0.206211032248383,79.13002976190475
S00885,长沙校园0885店,湖南,长沙,新一线,学校店,校园,主品牌,直营,FALSE,非新店,2021-09-23,2026-04,25164.190000000006,16305.210000000003,8858.98,261,10009.62,392.05,1794.98,4228.66,3102.7,726.83,521.62,1009.17,12196.65,4955.49,4633.49,21785.629999999997,12967.540000000006,4909.350000000007,3378.5600000000086,0.51531720273929,0.19509270912356,0.134260629887153,0.647952904504377,0.352047095495623,0.168042762353964,0.123298226567197,96.41452107279696
S00888,长春购物中心0888店,吉林,长春,二线,商场店,购物中心,主品牌,加盟,FALSE,非新店,2022-01-15,2026-02,9798.46,7633.8,2164.66,107,3893.94,118.14,490.15,1779.7,2273.43,244.79,223.5,214.81,4502.23,2024.49,2711.74,9238.46,5296.23,998.31,560.0,0.540516570971357,0.101884377749156,0.057151838145994,0.779081610783736,0.220918389216265,0.181630582765047,0.232019113207586,91.57439252336448
S00902,长沙社区0902店,湖南,长沙,新一线,快取店,社区,主品牌,直营,FALSE,非新店,2023-05-21,2026-04,27039.890000000003,14448.640000000003,12591.25,245,10981.71,429.32,3005.82,2169.37,2543.29,659.97,707.28,1217.44,14416.849999999999,2829.34,4468.01,21714.199999999997,12623.040000000005,7250.410000000004,5325.690000000006,0.466830301454629,0.268137555293309,0.196956792353815,0.534345369008528,0.465654630991472,0.080228506846736,0.094056965468425,110.36689795918369
S00904,无锡CBD0904店,江苏,无锡,二线,写字楼店,CBD,主品牌,直营,FALSE,非新店,2021-09-29,2026-02,11414.62,7275.370000000001,4139.25,128,4545.75,183.81,1033.94,2084.04,1933.69,391.21,289.55,544.73,5763.5,2475.25,2767.9700000000003,11006.719999999998,5651.120000000001,1242.1800000000007,407.9000000000033,0.495077365694171,0.108823596405312,0.035734873346638,0.637372948026303,0.362627051973697,0.182576380116027,0.169404675757931,89.17671875
S00904,无锡CBD0904店,江苏,无锡,二线,写字楼店,CBD,主品牌,直营,FALSE,非新店,2021-09-29,2026-05,24348.620000000006,18591.370000000003,5757.249999999999,251,9179.22,354.22,1320.96,4948.82,3852.22,1130.54,513.2,1172.23,10854.399999999998,6079.36,5537.65,22471.41,13494.220000000008,3562.640000000009,1877.2100000000064,0.554208821690921,0.146317943275636,0.077097182509728,0.763549227841249,0.236450772158751,0.203248479790641,0.158211019762106,97.00645418326695
S00906,武汉CBD0906店,湖北,武汉,新一线,写字楼店,CBD,主品牌,直营,FALSE,非新店,2025-03-10,2026-05,30218.600000000017,20945.64,9272.96,362,11456.56,433.11,2119.77,5910.13,5342.35,927.77,855.07,1344.12,14009.44,6837.9,7541.54,28388.879999999997,16209.160000000016,4028.910000000016,1829.7200000000194,0.536396788732768,0.133325501512314,0.06054946291357,0.693137339254631,0.306862660745369,0.195579212802711,0.176790122639699,83.47679558011055
S00907,常州写字楼0907店,江苏,常州,二线,快取店,写字楼,主品牌,直营,FALSE,非新店,2023-04-04,2026-03,28009.149999999998,17784.92,10224.23,314,11453.87,466.75,2477.97,2287.47,2433.79,745.92,735.36,1345.86,14398.59,3033.39,4515.01,21946.99,13610.559999999998,8143.379999999998,6062.159999999996,0.485932632728947,0.29073999032459,0.216434986424079,0.634968215743784,0.365031784256216,0.081668668988527,0.086892676143332,89.20111464968153
S00911,武汉社区0911店,湖北,武汉,新一线,快取店,社区,主品牌,直营,FALSE,非新店,2023-03-20,2026-02,8771.42,6629.03,2142.39,89,2996.84,109.25,498.6,993.06,963.72,195.01,203.13,386.64,3604.69,1188.07,1553.4899999999998,6346.250000000001,5166.73,3014.9399999999996,2425.169999999999,0.58904145508937,0.343723137188733,0.276485449334315,0.755753344384376,0.244246655615624,0.113215420080215,0.109870465671465,98.5552808988764
S00912,宁波街边店0912店,浙江,宁波,新一线,夜市店,街边店,主品牌,直营,FALSE,非新店,2025-04-10,2026-04,28253.03,20232.879999999994,8020.1500000000015,339,10016.49,412.31,1878.62,4702.77,2765.51,658.12,709.56,1253.34,12307.419999999998,5360.89,4728.41,22396.719999999998,15945.61,7819.210000000001,5856.310000000001,0.564385837554415,0.276756510717612,0.207280776610509,0.716131331754505,0.283868668245494,0.16645188144422,0.097883660619764,83.34227138643068
S00913,天津交通枢纽0913店,天津,天津,新一线,快取店,交通枢纽,主品牌,直营,FALSE,非新店,2022-11-12,2026-05,17916.140000000003,9906.93,8009.210000000002,211,7434.32,280.32,1763.63,1950.21,975.95,525.7,379.96,759.26,9478.27,2475.91,2115.17,14069.35,8437.870000000003,4986.010000000003,3846.7900000000027,0.470964727893397,0.278297110873213,0.214710869640447,0.552961184719476,0.447038815280524,0.108852129978891,0.05447322916655,84.91061611374408
S00918,广州购物中心0918店,广东,广州,一线,外卖卫星店,购物中心,主品牌,加盟,FALSE,非新店,2021-07-09,2026-04,30783.11,6018.77,24764.34,361,10855.38,758.48,5826.05,2818.54,2824.89,808.34,647.71,537.27,17439.91,3626.88,4009.87,25076.66,13343.2,6891.43,5706.450000000001,0.433458477717164,0.223870492617543,0.18537600651786,0.195521829990537,0.804478170009463,0.091561249009603,0.091767530960972,85.2717728531856
S00924,苏州CBD0924店,江苏,苏州,新一线,外卖卫星店,CBD,主品牌,加盟,FALSE,非新店,2021-09-09,2026-02,10160.45,1472.79,8687.660000000002,109,3975.66,216.05,1784.83,1121.44,565.33,326.26,296.42,210.46,5976.54,1447.7,1072.21,8496.449999999999,4183.910000000001,2170.880000000001,1664.0000000000018,0.411783926893002,0.213659828058797,0.163772273865823,0.144953225496902,0.855046774503098,0.110373064185149,0.055640252154186,93.21513761467891
S00937,厦门CBD0937店,福建,厦门,二线,外卖卫星店,CBD,主品牌,加盟,FALSE,非新店,2022-10-29,2026-03,20054.410000000014,3442.53,16611.88,272,6911.62,446.06,3878.45,2122.78,1134.52,404.93,434.51,307.74,11236.130000000001,2527.71,1876.77,15640.610000000002,8818.280000000013,5156.050000000014,4413.800000000012,0.439717747866928,0.257103051149349,0.220091241776747,0.171659500329354,0.828340499670645,0.105851032266718,0.056572095613882,73.72944852941181
S00942,三亚写字楼0942店,海南,三亚,二线,学校店,写字楼,主品牌,加盟,FALSE,非新店,2024-04-26,2026-03,25578.11,16297.620000000003,9280.489999999998,309,10090.79,377.57,2070.2,4305.22,2879.49,901.51,698.76,452.74,12538.560000000001,5206.7300000000005,4030.99,21776.280000000002,13039.55,4953.329999999999,3801.829999999998,0.509793335004033,0.193655043316336,0.148636079835453,0.63717061190213,0.36282938809787,0.168316580075698,0.112576339690462,82.77705501618124
S00956,天津社区0956店,天津,天津,新一线,旗舰店,社区,主品牌,直营,FALSE,非新店,2021-05-29,2026-05,37249.079999999994,24987.91,12261.169999999998,433,15159.14,585.32,2584.28,10256.79,14740.07,1670.78,1040.88,1841.9,18328.739999999998,11927.570000000002,17622.850000000002,47879.159999999996,18920.339999999997,-7747.300000000005,-10630.080000000002,0.507941135727379,-0.207986344897646,-0.285378323437787,0.670832944061974,0.329167055938026,0.275356867874321,0.395716350578323,86.02558891454964
S00958,天津交通枢纽0958店,天津,天津,新一线,交通店,交通枢纽,主品牌,直营,FALSE,非新店,2023-01-11,2026-05,27930.530000000002,19858.510000000002,8072.0199999999995,274,9883.54,385.1,1936.4,5249.7,10206.75,930.19,645.1,1238.32,12205.04,6179.889999999999,12090.17,30475.1,15725.490000000002,-661.1499999999978,-2544.569999999996,0.563021539512498,-0.023671230012463,-0.091103534376182,0.710996533184297,0.289003466815703,0.187955617025527,0.365433452211612,101.93624087591242
S00964,深圳写字楼0964店,广东,深圳,一线,写字楼店,写字楼,主品牌,直营,FALSE,非新店,2023-07-31,2026-02,21095.880000000012,14732.809999999998,6363.069999999999,208,8561.55,292.85,1350.3,3823.1,4189.16,533.13,603.04,1010.25,10204.699999999999,4356.23,5802.45,20363.38,10891.180000000013,2345.7900000000136,732.5000000000109,0.516270475562053,0.111196593837281,0.034722419733143,0.698373805690969,0.301626194309031,0.181224959565564,0.198577162934184,101.42250000000006
S00972,上海购物中心0972店,上海,上海,一线,快取店,购物中心,主品牌,直营,FALSE,非新店,2023-10-01,2026-05,21622.530000000002,12197.730000000003,9424.799999999997,311,8688.92,360.47,2270.27,2058.82,2350.92,536.36,612.24,1057.31,11319.66,2595.1800000000003,4020.47,17935.31,10302.870000000003,5356.770000000002,3687.220000000001,0.476487719059703,0.247740204314666,0.170526760744464,0.564121312353365,0.435878687646635,0.095216424719956,0.10872548217068,69.52581993569133
S00884,石家庄购物中心0884店,河北,石家庄,二线,商场店,购物中心,主品牌,直营,FALSE,非新店,2024-09-28,2026-04,31256.03000000001,22910.41,8345.619999999999,337,10695.56,411.81,1953.89,6602.7,8333.36,1304.53,655.53,1462.41,13061.259999999998,7907.23,10451.300000000001,31419.789999999997,18194.77000000001,1954.1800000000112,-163.75999999998749,0.582120314064198,0.062521695813576,-0.005239309022931,0.732991681925055,0.267008318074944,0.211245638041683,0.266616073762407,92.7478635014837
S00897,济南校园0897店,山东,济南,二线,学校店,校园,主品牌,直营,FALSE,非新店,2025-03-05,2026-05,12345.45,9408.82,2936.63,156,4605.66,158.85,685.04,2008.64,1486.95,488.1,270.9,505.44,5449.55,2496.7400000000002,2263.29,10209.580000000002,6895.900000000001,2912.21,2135.869999999999,0.558578261626753,0.235893385822307,0.173008679311001,0.762128557484741,0.237871442515259,0.162702858138018,0.120445184258168,79.1375
S00908,北京写字楼0908店,北京,北京,一线,写字楼店,写字楼,主品牌,加盟,FALSE,非新店,2023-11-02,2026-05,37769.94,23022.159999999996,14747.780000000004,435,15318.68,645.02,3207.7,7315.65,6337.08,1120.29,795.71,786.9,19171.4,8435.939999999999,7919.69,35527.030000000006,18598.54,3825.5200000000023,2242.909999999996,0.49241645604944,0.101284778318419,0.059383467381733,0.609536578559563,0.390463421440437,0.1936897437486,0.167781044926203,86.82744827586207
S00917,武汉购物中心0917店,湖北,武汉,新一线,商场店,购物中心,主品牌,直营,FALSE,非新店,2024-04-10,2026-04,40557.16999999999,24467.969999999994,16089.200000000003,421,14715.39,676.91,3256.64,8831.19,9562.5,1374.22,1144.28,1976.81,18648.94,10205.41,12683.59,41537.939999999995,21908.229999999992,2140.3199999999924,-980.7700000000041,0.540181427846174,0.052772912902946,-0.024182407204448,0.603295792088057,0.396704207911943,0.217746701754585,0.235778285319217,96.33532066508312
S00922,嘉兴写字楼0922店,浙江,嘉兴,二线,外卖卫星店,写字楼,子品牌-精品,直营,FALSE,非新店,2022-12-18,2026-04,23838.219999999998,3445.84,20392.38,233,8409.27,517.66,4567.98,2015.71,1500.62,523.86,641.97,1110.65,13494.91,2539.57,3253.2400000000002,19287.72,10343.309999999998,6303.119999999998,4550.499999999996,0.433896071099268,0.264412359647658,0.190890930614786,0.144551061278904,0.855448938721096,0.084557907427652,0.062950169937185,102.30995708154505
S00929,常州购物中心0929店,江苏,常州,二线,商场店,购物中心,主品牌,直营,FALSE,非新店,2024-07-20,2026-02,12709.95,7953.4400000000005,4756.51,107,4567.9,203.29,1115.35,2648.8,3096.88,369.01,307.91,544.12,5886.539999999999,3017.8100000000004,3948.91,12853.260000000002,6823.410000000002,708.7200000000012,-143.3100000000013,0.536855770479034,0.055761037612264,-0.011275418077963,0.625764853520273,0.374235146479726,0.208403652256697,0.243657921549652,118.78457943925234
S00944,烟台购物中心0944店,山东,烟台,三线,外卖卫星店,购物中心,主品牌,直营,FALSE,非新店,2024-03-11,2026-02,4737.389999999999,2164.8900000000003,2572.4999999999995,52,1817.99,91.84,525.74,384.98,226.8,114.59,106.83,227.49,2435.5699999999997,499.57000000000005,561.12,3496.26,2301.8199999999997,1575.4499999999996,1241.1299999999992,0.48588357724401,0.3325565342942,0.261986030282497,0.456979476040605,0.543020523959395,0.081264156001511,0.047874462520502,91.10365384615383
S00944,烟台购物中心0944店,山东,烟台,三线,外卖卫星店,购物中心,主品牌,直营,FALSE,非新店,2024-03-11,2026-05,11941.259999999997,2036.36,9904.899999999998,107,4163.96,297.57,2137.97,1499.37,1002.28,319.17,325.29,579.21,6599.5,1818.54,1906.78,10324.82,5341.759999999997,2520.939999999997,1616.4399999999969,0.447336378238142,0.211111725228326,0.135365949656904,0.170531417957569,0.829468582042431,0.125562126609755,0.083934191199254,111.60056074766352
S00945,杭州写字楼0945店,浙江,杭州,新一线,快取店,写字楼,主品牌,加盟,FALSE,非新店,2022-06-10,2026-02,13601.590000000002,6787.689999999999,6813.900000000001,118,5561.8,245.33,1648.67,1295.87,1250.67,264.11,281.54,214.03,7455.8,1559.98,1746.24,10762.020000000002,6145.790000000002,3335.1400000000012,2839.5699999999997,0.451843497708724,0.245202215329237,0.208767504387355,0.499036509702174,0.500963490297825,0.09527342023984,0.091950279342342,115.26771186440679
S00969,常州写字楼0969店,江苏,常州,二线,快取店,写字楼,主品牌,直营,FALSE,非新店,2023-09-30,2026-03,24282.38,14771.25,9511.130000000003,287,9232.4,394.2,2164.68,2365.19,1948.31,481.01,529.19,1142.21,11791.28,2846.2,3619.71,18257.19,12491.1,7696.590000000002,6025.190000000002,0.514410037236877,0.316961928773045,0.24813012563019,0.608311458761456,0.391688541238544,0.097403549404959,0.080235545280158,84.60759581881534
S00894,郑州购物中心0894店,河南,郑州,新一线,商场店,购物中心,主品牌,加盟,FALSE,非新店,2024-10-18,2026-04,40947.64999999998,28724.89000000001,12222.76,450,14047.94,568.03,2587.49,8129.96,11307.34,1071.94,1056.26,982.42,17203.46,9201.9,13346.02,39751.38,23744.18999999998,3234.9499999999807,1196.2699999999822,0.579866976493156,0.079002091695127,0.029214619153968,0.701502772442375,0.298497227557626,0.198545215659507,0.276141365865929,90.99477777777773
S00903,深圳CBD0903店,广东,深圳,一线,写字楼店,CBD,主品牌,直营,FALSE,非新店,2025-02-25,2026-03,61676.37999999998,42888.999999999985,18787.38,649,22219.54,903.18,4259.65,14091.4,10533.3,2463.57,1242.59,2598.68,27382.370000000003,16554.97,14374.57,58311.91,34294.00999999998,7205.73999999998,3364.4699999999793,0.556031498606111,0.116831435307973,0.054550380550869,0.695387764327284,0.304612235672716,0.228473201572466,0.170783369581678,95.03294298921415
S00906,武汉CBD0906店,湖北,武汉,新一线,写字楼店,CBD,主品牌,直营,FALSE,非新店,2025-03-10,2026-02,21018.899999999998,9450.999999999998,11567.900000000003,165,8268.14,380.2,2343.51,4521.97,2689.58,687.79,526.43,1050.28,10991.85,5209.76,4266.29,20467.9,10027.049999999997,2127.7099999999973,550.9999999999964,0.47704922712416,0.101228418233114,0.026214502186128,0.449642940401258,0.550357059598742,0.215138280309626,0.127960074028612,127.38727272727272
S00911,武汉社区0911店,湖北,武汉,新一线,快取店,社区,主品牌,直营,FALSE,非新店,2023-03-20,2026-03,21964.24,14225.98,7738.26,263,8873.18,347.64,1825.34,1812.3,1638.6,502.99,570.67,972.58,11046.16,2315.29,3181.85,16543.3,10918.080000000002,6964.1900000000005,5420.940000000002,0.497084351655236,0.317069472925082,0.246807538070974,0.647688242343008,0.352311757656992,0.082511391243221,0.074603082100724,83.5142205323194
S00917,武汉购物中心0917店,湖北,武汉,新一线,商场店,购物中心,主品牌,直营,FALSE,非新店,2024-04-10,2026-05,33822.62999999999,26600.139999999996,7222.490000000001,298,13826.07,495.1,1525.98,6298.04,7969.16,924.49,789.18,1663.82,15847.15,7222.53,10422.16,33491.840000000004,17975.47999999999,2783.78999999999,330.7899999999863,0.53146310621025,0.082305545133539,0.009780138327504,0.786459834731953,0.213540165268047,0.18620787324936,0.235616213168521,113.49875838926171
S00930,郑州CBD0930店,河南,郑州,新一线,写字楼店,CBD,主品牌,直营,FALSE,非新店,2022-11-01,2026-04,38649.88999999999,26152.110000000008,12497.779999999999,527,14640.72,636.19,2637.76,8872.18,5382.0,1759.34,810.12,1746.36,17914.67,10631.52,7938.48,36484.67,20735.219999999994,4721.699999999993,2165.219999999994,0.536488460898595,0.122165936306675,0.056021375481275,0.676641253054019,0.323358746945981,0.229552529127509,0.139250072898008,73.33944971537001
S00930,郑州CBD0930店,河南,郑州,新一线,写字楼店,CBD,主品牌,直营,FALSE,非新店,2022-11-01,2026-05,27823.510000000002,19845.74,7977.769999999999,350,10428.54,391.62,1800.94,5967.43,3747.17,1262.67,730.14,1384.36,12621.100000000002,7230.1,5861.67,25712.870000000003,15202.41,4225.139999999999,2110.6399999999994,0.546387209953022,0.151855031949599,0.075858150175876,0.71327233695533,0.28672766304467,0.214474377963097,0.134676394171691,79.49574285714286
S00935,长沙写字楼0935店,湖南,长沙,新一线,写字楼店,写字楼,主品牌,直营,FALSE,非新店,2021-05-09,2026-02,14089.019999999999,10550.519999999995,3538.5,160,5850.34,217.46,758.77,2765.47,1803.81,479.46,362.99,593.33,6826.57,3244.93,2760.13,12831.629999999997,7262.449999999999,2213.709999999999,1257.3900000000012,0.515468783492393,0.157123064627632,0.089246093766635,0.748846974452446,0.251153025547554,0.196285476207714,0.128029486791842,88.05637499999999
S00938,沈阳校园0938店,辽宁,沈阳,新一线,学校店,校园,主品牌,加盟,FALSE,非新店,2021-06-14,2026-02,8681.01,6230.79,2450.2200000000003,113,3464.61,128.35,554.36,1393.98,1129.15,231.68,202.29,184.52,4147.32,1625.66,1515.96,7288.94,4533.6900000000005,1778.8800000000006,1392.0700000000006,0.522253746971839,0.204916248224573,0.160358068934375,0.717749432381716,0.282250567618284,0.160578089415863,0.130071270508846,76.82309734513275
S00953,无锡购物中心0953店,江苏,无锡,二线,快取店,购物中心,子品牌-便利,加盟,FALSE,非新店,2023-07-22,2026-02,5630.52,4139.93,1490.59,90,2203.94,79.06,348.9,512.59,585.23,136.41,126.05,124.6,2631.9,649.0,835.88,4116.780000000001,2998.6200000000003,1764.3900000000003,1513.7399999999998,0.532565375844505,0.313361820933058,0.268845506276507,0.735266014506653,0.264733985493347,0.091037772710158,0.103938890191314,62.56133333333334
S00964,深圳写字楼0964店,广东,深圳,一线,写字楼店,写字楼,主品牌,直营,FALSE,非新店,2023-07-31,2026-03,64014.09,45857.8,18156.289999999997,648,22552.88,879.01,4035.2,12557.09,12641.3,1935.97,1474.08,2918.64,27467.09,14493.06,17034.02,58994.17,36547.0,9412.640000000003,5019.919999999998,0.570921183133276,0.147040128196777,0.078418985570208,0.716370411576576,0.283629588423424,0.196161345103867,0.197476836740161,98.78717592592592
S00969,常州写字楼0969店,江苏,常州,二线,快取店,写字楼,主品牌,直营,FALSE,非新店,2023-09-30,2026-04,26384.59,12638.9,13745.689999999997,286,10037.28,492.8,2995.03,2117.23,2078.81,538.3,621.67,1273.26,13525.11,2655.5299999999997,3973.74,20154.379999999997,12859.48,8125.140000000001,6230.210000000003,0.487386008272253,0.30795020881507,0.236130635344343,0.479025825301814,0.520974174698185,0.080244946008257,0.078788793003795,92.25381118881118
S00979,佛山CBD0979店,广东,佛山,新一线,写字楼店,CBD,子品牌-精品,直营,FALSE,非新店,2024-04-04,2026-04,49100.57,34570.91,14529.659999999994,508,17883.22,652.83,3070.49,9437.46,6488.68,1718.01,1165.32,2378.77,21606.54,11155.47,10032.77,42794.78,27494.03,9849.88,6305.790000000001,0.559953377323318,0.200606225141582,0.128426004015839,0.704083679680297,0.295916320319703,0.192206729982972,0.132150808025243,96.6546653543307
S00893,北京交通枢纽0893店,北京,北京,一线,交通店,交通枢纽,主品牌,加盟,FALSE,非新店,2021-07-22,2026-03,49793.44000000002,36071.32,13722.12,532,19846.65,731.34,3262.59,8663.78,20874.2,1249.28,1235.69,825.09,23840.58,9913.060000000001,22934.98,56688.619999999995,25952.860000000015,-4834.399999999987,-6895.1799999999785,0.521210424505718,-0.097089094467062,-0.138475670690757,0.724419120269658,0.275580879730342,0.173994405688781,0.419215864579752,93.59669172932334
S00897,济南校园0897店,山东,济南,二线,学校店,校园,主品牌,直营,FALSE,非新店,2025-03-05,2026-02,6508.68,5264.9800000000005,1243.6999999999998,69,2589.16,96.87,309.01,966.99,911.29,213.48,184.43,322.1,2995.04,1180.47,1417.8200000000002,5593.33,3513.6400000000003,1421.88,915.3500000000004,0.539839107161514,0.218459042386475,0.140635274740808,0.808916708149732,0.191083291850268,0.148569295156622,0.140011492345606,94.32869565217392
S00900,青岛写字楼0900店,山东,青岛,新一线,快取店,写字楼,主品牌,加盟,FALSE,非新店,2024-12-01,2026-04,39089.179999999986,25340.879999999997,13748.300000000003,393,16360.66,616.72,3117.66,4069.18,2868.99,932.12,806.87,821.93,20095.04,5001.3,4497.79,29594.129999999997,18994.139999999985,11123.849999999986,9495.049999999988,0.485918098051686,0.284576192184128,0.242907372321445,0.648283745015884,0.351716254984116,0.104099906930767,0.073396013935314,99.46356234096689
S00907,常州写字楼0907店,江苏,常州,二线,快取店,写字楼,主品牌,直营,FALSE,非新店,2023-04-04,2026-04,28500.09,14492.1,14007.99,268,10332.29,499.14,3003.05,3335.81,1668.36,845.69,647.69,1313.02,13834.48,4181.5,3629.07,21645.05,14665.61,8815.75,6855.040000000001,0.514581182024337,0.309323584592189,0.240526959739425,0.508493131074323,0.491506868925677,0.117045595294611,0.058538762509171,106.34361940298507
S00913,天津交通枢纽0913店,天津,天津,新一线,快取店,交通枢纽,主品牌,直营,FALSE,非新店,2022-11-12,2026-04,27005.440000000013,12928.289999999999,14077.150000000003,339,10749.8,466.75,3090.31,2247.64,2299.73,645.53,720.38,1164.72,14306.859999999999,2893.17,4184.83,21384.86,12698.580000000014,7505.680000000015,5620.580000000013,0.470223036543749,0.277932149966822,0.208127695753152,0.478729100507157,0.521270899492843,0.083229156792113,0.085158027419661,79.6620648967552
S00915,昆明街边店0915店,云南,昆明,二线,学校店,街边店,主品牌,直营,FALSE,非新店,2021-11-24,2026-03,14818.1,11320.44,3497.66,217,5494.38,182.18,755.46,2390.04,2217.85,498.89,428.06,696.1,6432.02,2888.93,3342.0099999999998,12662.960000000001,8386.08,3279.2999999999997,2155.1399999999994,0.565934903935052,0.221303675909867,0.145439698746803,0.763960291805292,0.236039708194708,0.161291933513743,0.149671685303784,68.28617511520737
S00915,昆明街边店0915店,云南,昆明,二线,学校店,街边店,主品牌,直营,FALSE,非新店,2021-11-24,2026-05,9490.73,7020.26,2470.4700000000003,144,3449.52,137.76,562.2,1517.73,1254.48,185.65,270.81,384.8,4149.48,1703.38,1910.09,7762.949999999999,5341.25,2383.39,1727.7800000000007,0.562786002762696,0.251128206154848,0.182049220660582,0.739696524924848,0.260303475075152,0.159917098052521,0.132179505686075,65.90784722222222
S00916,厦门写字楼0916店,福建,厦门,二线,快取店,写字楼,主品牌,加盟,FALSE,非新店,2025-06-20,2026-02,8819.550000000001,5120.94,3698.61,103,3053.39,127.55,815.82,1041.31,554.9,207.47,199.19,161.37,3996.76,1248.78,915.4599999999999,6160.999999999999,4822.790000000001,3019.110000000001,2658.550000000002,0.546829486765198,0.342320186404068,0.301438281998515,0.580635066414953,0.419364933585047,0.118068382173694,0.062917042252723,85.62669902912623
S00921,太原购物中心0921店,山西,太原,二线,旗舰店,购物中心,主品牌,直营,FALSE,非新店,2021-08-08,2026-02,17527.98,12716.52,4811.460000000001,237,7298.84,226.63,987.82,4906.07,7383.94,853.92,397.22,747.96,8513.29,5759.99,8529.119999999999,22802.399999999998,9014.689999999999,-4129.240000000001,-5274.419999999998,0.514302846078099,-0.235579912802274,-0.300914309578172,0.725498317547145,0.274501682452855,0.279899338086876,0.421265884602789,73.95772151898734
S00946,武汉CBD0946店,湖北,武汉,新一线,写字楼店,CBD,主品牌,直营,FALSE,非新店,2021-03-14,2026-02,15139.649999999996,10558.769999999999,4580.879999999999,182,5214.26,207.25,1036.85,3101.4,2522.4,515.26,418.21,680.51,6458.360000000001,3616.66,3621.12,13696.14,8681.289999999995,2542.2299999999955,1443.5099999999966,0.573414180644863,0.167918677116049,0.095346325707661,0.697424973496745,0.302575026503255,0.204852820243533,0.166608871407199,83.18489010989009
S00955,哈尔滨写字楼0955店,黑龙江,哈尔滨,二线,写字楼店,写字楼,主品牌,直营,FALSE,非新店,2025-06-25,2026-04,32501.330000000013,19618.85,12882.479999999998,367,12154.44,474.09,2701.71,7062.75,4322.18,1348.82,848.94,1556.32,15330.240000000002,8411.57,6727.4400000000005,30469.25,17171.09000000001,4437.340000000011,2032.0800000000127,0.528319610305178,0.136527951317685,0.062522979828826,0.603632220589126,0.396367779410873,0.217306491765106,0.132984711702567,88.55948228882838
S00965,佛山交通枢纽0965店,广东,佛山,新一线,交通店,交通枢纽,子品牌-便利,加盟,FALSE,非新店,2024-02-03,2026-02,9731.719999999998,6673.909999999999,3057.81,136,3458.42,128.12,701.75,1789.88,3210.3,232.32,281.46,194.51,4288.29,2022.2,3686.2700000000004,9996.76,5443.429999999998,210.92999999999756,-265.0400000000027,0.559349220898258,0.021674483030749,-0.027234651223011,0.685789356866001,0.314210643133999,0.183922266567472,0.329880021208995,71.55676470588233
S00969,常州写字楼0969店,江苏,常州,二线,快取店,写字楼,主品牌,直营,FALSE,非新店,2023-09-30,2026-02,8380.15,6306.86,2073.29,93,3138.87,121.61,491.41,716.61,893.14,143.08,232.84,416.44,3751.89,859.69,1542.42,6154.0,4628.26,2875.4300000000003,2226.1499999999996,0.552288443524281,0.343123929762594,0.265645603002333,0.7525951206124,0.2474048793876,0.085512789150552,0.106578044545742,90.10913978494624
S00977,厦门校园0977店,福建,厦门,二线,旗舰店,校园,子品牌-精品,直营,FALSE,非新店,2021-10-24,2026-03,42638.90999999999,28144.13999999999,14494.77,528,15620.28,635.28,2949.33,10266.76,16491.69,2254.66,1037.16,1776.45,19204.89,12521.42,19305.3,51031.61,23434.01999999999,-5579.090000000009,-8392.700000000012,0.549592379354913,-0.130845042708644,-0.196831954663006,0.660057679710856,0.339942320289144,0.24078382866729,0.386775600032928,80.75551136363634
S00883,佛山写字楼0883店,广东,佛山,新一线,写字楼店,写字楼,主品牌,加盟,FALSE,非新店,2024-10-07,2026-05,29743.350000000006,20523.65,9219.699999999999,327,11697.7,419.78,2262.19,6396.15,4016.31,811.42,798.87,545.35,14379.670000000002,7207.57,5360.530000000001,26947.769999999997,15363.680000000004,4139.800000000005,2795.580000000009,0.516541680745444,0.139184052905944,0.093990085178704,0.690024829079441,0.309975170920559,0.215044707472427,0.135032200475064,90.95825688073397
S00884,石家庄购物中心0884店,河北,石家庄,二线,商场店,购物中心,主品牌,直营,FALSE,非新店,2024-09-28,2026-02,8328.57,5718.86,2609.71,106,3148.93,129.67,615.06,1691.41,2239.97,233.42,232.32,389.36,3893.66,1924.8300000000002,2861.65,8680.14,4434.91,270.1100000000001,-351.5699999999997,0.532493573326513,0.03243173798143,-0.042212528681394,0.686655692393772,0.313344307606228,0.203085283548076,0.268950131895391,78.57141509433961
S00887,海口写字楼0887店,海南,海口,二线,写字楼店,写字楼,主品牌,直营,FALSE,非新店,2025-08-11,2026-03,30652.489999999998,21131.75,9520.740000000002,355,11151.91,507.75,1951.84,5563.57,4405.02,886.95,677.08,1233.83,13611.5,6450.5199999999995,6315.93,26377.950000000004,17040.989999999998,6185.449999999997,4274.539999999994,0.555941458589498,0.201792741796833,0.139451639980961,0.689397500822935,0.310602499177065,0.181504667320665,0.14370839041135,86.34504225352111
S00892,常州交通枢纽0892店,江苏,常州,二线,交通店,交通枢纽,子品牌-精品,直营,FALSE,非新店,2024-04-23,2026-04,24088.11,17320.28,6767.830000000001,313,9447.95,327.68,1384.03,4384.71,7992.64,739.05,689.77,980.11,11159.660000000002,5123.76,9662.52,25945.940000000002,12928.449999999999,-187.95000000000164,-1857.8300000000017,0.536715001716614,-0.007802604687541,-0.077126432916489,0.719038563008887,0.280961436991113,0.182027979779235,0.331808514657231,76.9588178913738
S00920,哈尔滨购物中心0920店,黑龙江,哈尔滨,二线,快取店,购物中心,主品牌,直营,FALSE,非新店,2023-09-15,2026-02,10976.179999999998,5778.799999999999,5197.379999999999,92,3866.13,179.53,1145.46,975.89,1089.5,242.12,269.25,522.53,5191.120000000001,1218.01,1881.28,8290.410000000002,5785.059999999998,3477.5499999999975,2685.769999999997,0.527055860964379,0.3168269835225,0.24469077584369,0.526485535040424,0.473514464959576,0.08890980286402,0.099260398426411,119.30630434782607
S00920,哈尔滨购物中心0920店,黑龙江,哈尔滨,二线,快取店,购物中心,主品牌,直营,FALSE,非新店,2023-09-15,2026-04,28149.69999999999,16816.56,11333.14,273,11037.37,454.29,2601.89,2289.05,2533.4,682.13,656.92,1314.21,14093.550000000001,2971.1800000000003,4504.530000000001,21569.260000000002,14056.149999999989,8551.569999999989,6580.439999999988,0.499335694518947,0.303789027947012,0.233765901590425,0.597397485585992,0.402602514414008,0.081317030021634,0.089997406721919,103.11245421245418
S00922,嘉兴写字楼0922店,浙江,嘉兴,二线,外卖卫星店,写字楼,子品牌-精品,直营,FALSE,非新店,2022-12-18,2026-05,15703.969999999996,4029.8899999999994,11674.079999999998,159,6463.53,336.85,2560.23,1650.45,643.11,330.04,337.48,736.77,9360.61,1980.49,1717.3600000000001,13058.460000000003,6343.359999999995,3719.759999999995,2645.509999999993,0.403933527636642,0.236867492742281,0.168461223499535,0.256616002195623,0.743383997804377,0.105097628179371,0.040952064987389,98.76710691823897
S00929,常州购物中心0929店,江苏,常州,二线,商场店,购物中心,主品牌,直营,FALSE,非新店,2024-07-20,2026-03,35095.62000000001,22613.29,12482.330000000002,349,12463.03,465.74,3029.25,6498.38,8219.64,759.48,753.41,1535.43,15958.02,7257.860000000001,10508.48,33724.36,19137.60000000001,3660.1000000000095,1371.2600000000093,0.545298815065812,0.104289367163196,0.039072112132511,0.644333680385187,0.355666319614812,0.185162137041602,0.234207003608997,100.56051575931235
S00932,昆明CBD0932店,云南,昆明,二线,快取店,CBD,主品牌,加盟,FALSE,非新店,2023-04-18,2026-02,7562.8200000000015,4331.380000000001,3231.44,111,3135.59,126.25,665.73,859.29,826.64,187.51,158.17,164.75,3927.57,1046.8,1149.56,6123.930000000001,3635.2500000000014,1761.8100000000018,1438.8900000000003,0.480673875617825,0.232956754226598,0.190258395677803,0.572720228697761,0.427279771302239,0.113620316231247,0.109303143536406,68.13351351351352
S00940,泉州交通枢纽0940店,福建,泉州,二线,交通店,交通枢纽,主品牌,加盟,FALSE,非新店,2023-07-11,2026-02,8782.430000000002,6546.040000000001,2236.39,97,3486.0,108.65,463.84,1653.97,2680.94,253.58,177.92,166.87,4058.4900000000002,1907.55,3025.73,8991.77,4723.940000000002,135.4500000000021,-209.33999999999833,0.537885300537551,0.015422838553795,-0.023836227558887,0.745356353537688,0.254643646462312,0.188327148636539,0.305261755573344,90.54051546391754
S00949,北京社区0949店,北京,北京,一线,社区店,社区,主品牌,直营,FALSE,非新店,2021-03-23,2026-03,35613.770000000004,22201.299999999996,13412.47,399,13924.19,526.87,2876.44,4858.83,4840.81,1567.91,822.84,1679.58,17327.5,6426.74,7343.2300000000005,31097.47,18286.270000000004,7018.720000000004,4516.300000000003,0.513460664231841,0.197078826532546,0.126813308447828,0.623390896274109,0.37660910372589,0.136431217475712,0.13592523341393,89.25756892230578
S00956,天津社区0956店,天津,天津,新一线,旗舰店,社区,主品牌,直营,FALSE,非新店,2021-05-29,2026-04,64051.890000000014,46181.38000000003,17870.510000000002,657,24976.16,887.64,4402.64,16394.06,27085.26,2150.25,1354.92,2664.11,30266.44,18544.31,31104.29,79915.04,33785.45000000001,-11844.119999999988,-15863.14999999998,0.527469993469358,-0.184914449831223,-0.247660919919771,0.720999489632547,0.279000510367454,0.255949668307992,0.422864337024247,97.49146118721464
S00960,青岛交通枢纽0960店,山东,青岛,新一线,快取店,交通枢纽,主品牌,直营,FALSE,非新店,2023-03-22,2026-03,25794.650000000012,17575.420000000002,8219.23,346,10152.53,397.79,1949.86,2674.13,1888.55,624.8,660.73,1066.26,12500.180000000002,3298.9300000000003,3615.54,19414.649999999998,13294.47000000001,8106.99000000001,6380.000000000015,0.515396409720621,0.314289591058611,0.2473381108098,0.681359119042127,0.318640880957873,0.103669947062666,0.073214794540728,74.55101156069368
S00963,贵阳购物中心0963店,贵州,贵阳,二线,商场店,购物中心,主品牌,加盟,FALSE,非新店,2022-04-17,2026-03,24712.309999999998,17874.250000000004,6838.0599999999995,335,10256.45,330.94,1664.81,4991.39,6175.4,875.97,645.06,579.07,12252.2,5867.360000000001,7399.529999999999,25519.09,12460.109999999997,417.3499999999967,-806.7800000000025,0.504206607961781,0.016888344310993,-0.03264688732053,0.723293370793746,0.276706629206254,0.20197990394261,0.249891653188229,73.7680895522388
S00963,贵阳购物中心0963店,贵州,贵阳,二线,商场店,购物中心,主品牌,加盟,FALSE,非新店,2022-04-17,2026-05,16059.399999999996,11314.369999999999,4745.030000000001,207,5469.76,230.01,1087.45,3221.04,3567.31,393.92,348.56,330.72,6787.22,3614.96,4246.59,14648.769999999999,9272.179999999997,2089.9099999999967,1410.6299999999974,0.577367772145908,0.130136244193432,0.087838275402568,0.704532547915863,0.295467452084138,0.200570382455135,0.222132209173444,77.58164251207728
S00964,深圳写字楼0964店,广东,深圳,一线,写字楼店,写字楼,主品牌,直营,FALSE,非新店,2023-07-31,2026-04,49329.49999999999,34673.49,14656.009999999998,601,19430.03,655.72,3442.84,10988.43,10518.33,1278.32,1245.99,2400.61,23528.59,12266.75,14164.93,49960.270000000004,25800.909999999993,3015.8299999999927,-630.7700000000114,0.523032059923575,0.061136439655784,-0.012786871952888,0.702895630403714,0.297104369596286,0.222755754670126,0.21322596012528,82.07903494176371
S00965,佛山交通枢纽0965店,广东,佛山,新一线,交通店,交通枢纽,子品牌-便利,加盟,FALSE,非新店,2024-02-03,2026-03,32388.04,23088.749999999996,9299.29,406,12658.94,503.62,2187.99,5493.31,10653.45,804.23,846.56,528.91,15350.550000000001,6297.540000000001,12028.92,33677.01,17037.489999999998,86.49999999999636,-1288.9700000000012,0.52604263796142,0.002670738951786,-0.039797715452988,0.712878889861813,0.287121110138187,0.169609213771503,0.328931605617382,79.77349753694581
S00965,佛山交通枢纽0965店,广东,佛山,新一线,交通店,交通枢纽,子品牌-便利,加盟,FALSE,非新店,2024-02-03,2026-04,35825.350000000006,25565.400000000005,10259.949999999999,402,13276.94,456.31,2398.0,6404.37,10112.3,885.93,791.38,764.91,16131.25,7290.3,11668.589999999998,35090.14,19694.100000000006,2291.5000000000073,735.2100000000064,0.549725264372853,0.063963087590212,0.020522060496269,0.713612009373251,0.286387990626749,0.178766432149302,0.282266607304604,89.11778606965176
S00968,天津购物中心0968店,天津,天津,新一线,快取店,购物中心,主品牌,直营,FALSE,非新店,2024-03-28,2026-04,32257.5,17362.970000000005,14894.529999999993,345,12795.28,563.77,3720.66,2649.8,2340.61,587.7,782.51,1307.82,17079.71,3237.5,4430.94,24748.149999999998,15177.79,9599.68,7509.350000000002,0.470519724095172,0.297595287917539,0.232793923893668,0.538261489576068,0.461738510423932,0.082145237541657,0.072560179803147,93.5
S00978,南宁交通枢纽0978店,广西,南宁,二线,学校店,交通枢纽,主品牌,加盟,FALSE,非新店,2023-04-15,2026-02,9136.400000000001,6114.080000000001,3022.32,78,3210.53,137.89,681.84,1308.6,1164.95,170.82,204.32,208.91,4030.26,1479.4199999999998,1578.18,7087.86,5106.140000000001,2461.7700000000013,2048.540000000002,0.558878770631759,0.269446390263123,0.224217416050086,0.669200122586577,0.330799877413423,0.14322928067948,0.127506457685741,117.13333333333335
S00895,北京购物中心0895店,北京,北京,一线,旗舰店,购物中心,主品牌,直营,FALSE,非新店,2025-03-24,2026-04,113964.26999999992,74999.62999999992,38964.64000000002,1115,45096.16,1918.7,9685.75,28839.7,49522.59,6643.43,2345.82,5407.95,56700.61,35483.130000000005,57276.35999999999,149460.1,57263.659999999916,-27742.060000000085,-35495.83000000009,0.502470291785311,-0.243427698874394,-0.311464549371484,0.658097752918524,0.341902247081476,0.253059138623009,0.434544879724145,102.21010762331831
S00897,济南校园0897店,山东,济南,二线,学校店,校园,主品牌,直营,FALSE,非新店,2025-03-05,2026-04,19893.710000000003,13339.599999999997,6554.110000000001,245,6969.39,338.33,1439.75,3065.86,2833.22,522.83,593.9,966.54,8747.470000000001,3588.69,4393.66,16729.82,11146.240000000002,4724.330000000002,3163.890000000003,0.560289659394854,0.237478579912947,0.159039716573731,0.670543603983369,0.32945639601663,0.154112028374798,0.142417879822316,81.19881632653062
S00904,无锡CBD0904店,江苏,无锡,二线,写字楼店,CBD,主品牌,直营,FALSE,非新店,2021-09-29,2026-03,30387.46,22761.75999999999,7625.700000000001,381,12171.37,413.31,1739.13,6952.07,5273.25,820.39,760.94,1340.68,14323.810000000001,7772.46,7374.870000000001,29471.14,16063.649999999998,3017.9399999999987,916.3199999999997,0.528627598358007,0.099315309670502,0.030154544012563,0.749051088837303,0.250948911162697,0.22878088527307,0.173533753726044,79.75711286089239
S00907,常州写字楼0907店,江苏,常州,二线,快取店,写字楼,主品牌,直营,FALSE,非新店,2023-04-04,2026-02,7564.67,5219.169999999999,2345.5,101,2901.9,109.17,489.91,697.09,606.89,173.2,152.02,371.34,3500.98,870.29,1130.25,5501.52,4063.69,2586.51,2063.1499999999996,0.537193294618271,0.341919740054755,0.272734963983888,0.689940208892126,0.310059791107874,0.092150748148961,0.080226896877194,74.89772277227723
S00912,宁波街边店0912店,浙江,宁波,新一线,夜市店,街边店,主品牌,直营,FALSE,非新店,2025-04-10,2026-05,23559.959999999995,15247.909999999998,8312.05,237,9199.64,343.68,2029.36,4641.79,1582.43,958.35,625.86,1091.32,11572.68,5600.14,3299.6099999999997,20472.43,11987.279999999995,4804.709999999995,3087.529999999995,0.508798826483576,0.203935405662828,0.131049882936983,0.647195920536368,0.352804079463632,0.197020283565846,0.067166073287051,99.40911392405062
S00913,天津交通枢纽0913店,天津,天津,新一线,快取店,交通枢纽,主品牌,直营,FALSE,非新店,2022-11-12,2026-03,30557.659999999993,16901.790000000005,13655.870000000003,340,11923.15,441.87,2906.64,2970.02,3321.47,617.37,717.87,1366.66,15271.66,3587.39,5406.0,24265.05,15285.999999999993,8377.139999999994,6292.609999999993,0.500234638385269,0.2741420645429,0.205925780966213,0.55311139661872,0.44688860338128,0.097193960532318,0.108695168412765,89.87547058823527
S00918,广州购物中心0918店,广东,广州,一线,外卖卫星店,购物中心,主品牌,加盟,FALSE,非新店,2021-07-09,2026-05,21858.75999999999,2714.46,19144.299999999996,258,8733.19,529.36,4629.46,2635.57,1778.23,566.66,571.3,360.88,13892.010000000002,3202.23,2710.41,19804.65,7966.749999999989,2986.2899999999895,2054.1099999999897,0.364464864429638,0.136617539146776,0.093971936194001,0.124181792562799,0.875818207437202,0.120572713182267,0.081350909200705,84.72387596899222
S00925,珠海写字楼0925店,广东,珠海,二线,写字楼店,写字楼,子品牌-便利,加盟,FALSE,非新店,2024-03-18,2026-05,20463.07999999999,14114.969999999998,6348.110000000001,228,7078.29,283.36,1313.5,4019.5,2786.49,609.33,490.17,480.11,8675.15,4628.83,3756.77,17060.75,11787.929999999991,4372.6099999999915,3402.329999999991,0.57605844281506,0.213682886447201,0.166266759451656,0.689777394214361,0.310222605785639,0.196426930843255,0.136171583163434,89.75035087719294
S00931,广州购物中心0931店,广东,广州,一线,快取店,购物中心,主品牌,加盟,FALSE,非新店,2025-02-10,2026-05,31682.789999999994,15860.500000000005,15822.29,288,10801.45,569.15,3593.56,2969.24,2333.65,557.16,836.41,595.87,14964.16,3526.3999999999996,3765.93,22256.49,16718.629999999994,10858.579999999994,9426.299999999992,0.527688060300245,0.342728023636807,0.297521146338438,0.500603008762802,0.499396991237199,0.093717756548587,0.073656707632125,110.00968749999998
S00950,广州社区0950店,广东,广州,一线,快取店,社区,子品牌-便利,直营,FALSE,非新店,2021-04-22,2026-04,25339.960000000003,13976.76,11363.2,322,10342.72,425.78,2471.44,2033.39,2300.92,629.59,539.67,1084.25,13239.94,2662.98,3924.84,19827.76,12100.020000000002,7136.120000000003,5512.200000000004,0.477507462521646,0.281615282739199,0.217529940852314,0.551569931444248,0.448430068555751,0.080244404489983,0.090802037572277,78.69552795031056
S00957,南昌交通枢纽0957店,江西,南昌,二线,交通店,交通枢纽,主品牌,直营,FALSE,非新店,2024-02-23,2026-02,7604.570000000001,5548.49,2056.08,103,3168.06,100.64,445.29,1329.7,2872.87,331.47,207.05,325.53,3713.99,1661.17,3405.45,8780.609999999999,3890.580000000001,-643.4599999999991,-1176.0399999999981,0.511610781411704,-0.084614909192762,-0.154649112310097,0.72962573820742,0.27037426179258,0.174855383013109,0.377782044218148,73.83077669902913
S00959,宜昌写字楼0959店,湖北,宜昌,三线,写字楼店,写字楼,主品牌,直营,FALSE,非新店,2022-11-28,2026-04,20378.199999999993,15101.189999999999,5277.01,250,7410.68,276.94,1314.87,3714.41,3330.25,439.05,473.89,881.27,9002.49,4153.46,4685.41,17841.36,11375.709999999994,3891.9999999999936,2536.839999999993,0.558229382379209,0.190988409182361,0.1244879331835,0.741046314198506,0.258953685801494,0.182273704252584,0.163422186454152,81.51279999999997
S00966,厦门写字楼0966店,福建,厦门,二线,外卖卫星店,写字楼,主品牌,加盟,FALSE,非新店,2024-08-16,2026-03,21923.32,2781.3900000000003,19141.93,233,8168.91,486.4,4682.03,1881.05,1808.77,512.08,603.84,417.1,13337.34,2393.13,2829.71,18560.18,8585.98,4384.08,3363.1399999999994,0.39163685062299,0.199973361698867,0.153404685056825,0.126869014364613,0.873130985635387,0.085801329360699,0.082504383460169,94.09150214592275
S00966,厦门写字楼0966店,福建,厦门,二线,外卖卫星店,写字楼,主品牌,加盟,FALSE,非新店,2024-08-16,2026-05,13671.27,1485.1799999999998,12186.09,149,5614.47,333.82,2539.37,1111.47,584.43,261.8,304.21,298.16,8487.66,1373.27,1186.8,11047.729999999998,5183.610000000001,3225.9100000000008,2623.5400000000027,0.379160824122411,0.235962715972986,0.19190170335309,0.108635115830497,0.891364884169503,0.081299689055955,0.042748771694217,91.75348993288591
S00970,广州CBD0970店,广东,广州,一线,快取店,CBD,子品牌-便利,加盟,FALSE,非新店,2022-09-06,2026-02,10650.379999999994,6381.460000000001,4268.92,155,4128.34,165.86,1053.96,1264.84,1252.79,185.92,217.49,255.62,5348.16,1450.76,1725.9,8524.820000000002,5302.219999999994,2598.6699999999937,2125.559999999992,0.497843269442029,0.243997866742782,0.199575977570753,0.599176742989452,0.400823257010548,0.118760081799898,0.117628666770575,68.71212903225802
S00972,上海购物中心0972店,上海,上海,一线,快取店,购物中心,主品牌,直营,FALSE,非新店,2023-10-01,2026-04,38039.46000000001,22654.92,15384.540000000003,456,14661.07,654.41,3407.04,3778.42,3131.94,1062.98,1055.56,1718.52,18722.52,4841.4,5906.02,29469.940000000002,19316.940000000006,11343.600000000006,8569.520000000004,0.507813202395618,0.298206125954469,0.225279748976458,0.595563659421033,0.404436340578967,0.099328959979979,0.082333976349822,83.41986842105264
S00977,厦门校园0977店,福建,厦门,二线,旗舰店,校园,子品牌-精品,直营,FALSE,非新店,2021-10-24,2026-05,28965.190000000002,20921.750000000004,8043.439999999999,331,10609.3,418.74,1976.5,6505.76,9659.98,1520.38,663.32,1352.1,13004.539999999999,8026.14,11675.4,32706.079999999998,15960.650000000003,-1725.4699999999966,-3740.889999999996,0.551028665788141,-0.059570470623531,-0.129151232910953,0.722306672250381,0.277693327749619,0.224606156562412,0.333503077314528,87.50812688821753
S00893,北京交通枢纽0893店,北京,北京,一线,交通店,交通枢纽,主品牌,加盟,FALSE,非新店,2021-07-22,2026-04,45976.590000000004,32023.86,13952.730000000001,526,16642.73,603.56,3131.64,7947.34,16186.82,1977.58,1014.43,1049.33,20377.93,9924.92,18250.58,48553.43,25598.660000000003,-513.0799999999963,-2576.8399999999965,0.556775959243606,-0.011159592305562,-0.05604678380889,0.696525340396058,0.303474659603942,0.172856229659485,0.352066562570212,87.40796577946769
S00901,合肥交通枢纽0901店,安徽,合肥,二线,外卖卫星店,交通枢纽,主品牌,加盟,FALSE,非新店,2025-01-10,2026-04,16613.86,3909.5299999999997,12704.33,197,6704.77,344.6,2805.79,1794.28,937.03,344.16,360.79,353.38,9855.16,2138.44,1651.1999999999998,13644.800000000001,6758.700000000001,3683.2300000000005,2969.0599999999995,0.406810939781604,0.221696222310769,0.178709824207017,0.235317379585479,0.764682620414521,0.107998983980845,0.056400499342116,84.33431472081219
S00918,广州购物中心0918店,广东,广州,一线,外卖卫星店,购物中心,主品牌,加盟,FALSE,非新店,2021-07-09,2026-03,29187.960000000003,4544.24,24643.720000000005,368,11738.9,647.13,4955.55,2460.06,2452.95,568.9,666.49,610.83,17341.579999999998,3028.96,3730.2699999999995,24100.810000000005,11846.380000000005,6364.470000000006,5087.149999999998,0.405865295142244,0.218051210156517,0.174289330258093,0.155688852526864,0.844311147473136,0.084283382600223,0.084039789008893,79.31510869565219
S00921,太原购物中心0921店,山西,太原,二线,旗舰店,购物中心,主品牌,直营,FALSE,非新店,2021-08-08,2026-05,33167.579999999994,23330.469999999998,9837.11,461,13072.4,481.21,2099.28,8845.02,13929.67,1821.93,694.43,1650.87,15652.89,10666.95,16274.970000000001,42594.810000000005,17514.689999999995,-7081.930000000006,-9427.23000000001,0.528066563795128,-0.213519647800654,-0.284230263407822,0.703411885944045,0.296588114055955,0.266676676441272,0.419978485014584,71.94702819956615
S00923,郑州交通枢纽0923店,河南,郑州,新一线,交通店,交通枢纽,主品牌,加盟,FALSE,非新店,2024-05-25,2026-03,33884.479999999996,23124.759999999995,10759.720000000001,416,14036.33,544.79,2371.8,5668.22,12052.8,887.07,919.51,772.28,16952.92,6555.29,13744.59,37252.8,16931.559999999998,-1676.5300000000025,-3368.320000000007,0.499684811453503,-0.049477814031675,-0.099405981735591,0.682458753978222,0.317541246021778,0.167280713766302,0.355702669776842,81.4530769230769
S00927,沈阳购物中心0927店,辽宁,沈阳,新一线,商场店,购物中心,主品牌,加盟,FALSE,非新店,2023-06-28,2026-04,41382.52,28081.180000000008,13301.34,449,14394.2,596.0,2886.67,7838.74,9809.71,1120.37,827.73,892.72,17876.870000000003,8959.11,11530.159999999998,38366.14000000001,23505.649999999994,4736.8299999999945,3016.37999999999,0.56800914975695,0.114464513035939,0.072890196150452,0.678575881797435,0.321424118202565,0.189421523870465,0.237049604519009,92.1659688195991
S00935,长沙写字楼0935店,湖南,长沙,新一线,写字楼店,写字楼,主品牌,直营,FALSE,非新店,2021-05-09,2026-04,42349.52000000001,29369.929999999993,12979.590000000004,475,15009.57,549.64,2881.38,9034.48,5405.9,1516.72,986.75,1699.25,18440.59,10551.199999999999,8091.9,37083.69,23908.93000000001,7951.830000000013,5265.830000000009,0.564562006842108,0.187766709044164,0.124342141304081,0.6935127009704,0.306487299029599,0.213331343542973,0.127649616807935,89.15688421052634
S00943,苏州CBD0943店,江苏,苏州,新一线,写字楼店,CBD,主品牌,直营,FALSE,非新店,2022-05-19,2026-04,54178.19,42470.889999999985,11707.300000000001,514,19154.5,692.04,2707.69,10198.4,8759.05,1849.02,1421.2,2541.76,22554.23,12047.42,12722.01,47323.65999999999,31623.960000000003,10817.490000000002,6854.530000000013,0.583702777815206,0.199665031260734,0.126518253932071,0.78391120116785,0.21608879883215,0.188238108360578,0.16167114479092,105.40503891050584
S00947,长沙写字楼0947店,湖南,长沙,新一线,学校店,写字楼,主品牌,加盟,FALSE,非新店,2024-05-28,2026-03,33082.88999999999,25241.690000000002,7841.2,410,13715.68,437.82,1797.31,4918.64,4452.46,766.14,977.45,562.64,15950.81,5684.780000000001,5992.55,27628.14,17132.079999999994,6994.839999999994,5454.749999999993,0.517853186344966,0.211433765308895,0.164881302691512,0.762983221840656,0.237016778159345,0.148676249263592,0.134584977310023,80.68997560975608
S00948,珠海社区0948店,广东,珠海,二线,社区店,社区,子品牌-精品,加盟,FALSE,非新店,2022-10-30,2026-04,17953.079999999998,12641.850000000002,5311.229999999998,218,6240.02,247.3,1232.09,3049.85,2257.45,661.23,372.22,379.37,7719.410000000001,3711.08,3009.04,14439.529999999999,10233.669999999998,4265.1399999999985,3513.5499999999993,0.57002308239032,0.237571491911137,0.19570736608983,0.70416051173392,0.29583948826608,0.16987892885232,0.125741655470816,82.35357798165137
S00957,南昌交通枢纽0957店,江西,南昌,二线,交通店,交通枢纽,主品牌,直营,FALSE,非新店,2024-02-23,2026-05,17628.6,11874.879999999997,5753.72,203,6230.0,258.13,1209.15,3332.21,6401.78,617.93,513.89,756.01,7697.280000000001,3950.14,7671.68,19319.1,9931.319999999998,-420.6000000000013,-1690.5,0.563364078826452,-0.023858956468466,-0.095895306490589,0.673614467399567,0.326385532600433,0.189022951340435,0.363147385498565,86.84039408866994
S00961,兰州交通枢纽0961店,甘肃,兰州,三线,交通店,交通枢纽,主品牌,加盟,FALSE,非新店,2022-03-02,2026-05,12306.709999999997,8856.749999999996,3449.9599999999996,145,4588.45,171.3,751.48,2241.87,3596.35,263.89,249.15,249.66,5511.23,2505.7599999999998,4095.16,12112.149999999998,6795.479999999998,693.3699999999976,194.5599999999995,0.552176820612495,0.056340809200834,0.015809261776706,0.719668376032262,0.280331623967738,0.182166476661919,0.29222676084835,84.8738620689655
S00974,长春购物中心0974店,吉林,长春,二线,快取店,购物中心,主品牌,直营,FALSE,非新店,2022-11-23,2026-04,21706.920000000006,14366.439999999999,7340.479999999999,268,8721.38,292.17,1550.88,2525.39,2313.93,481.02,474.49,968.27,10564.43,3006.41,3756.69,17327.53,11142.490000000005,5822.150000000005,4379.390000000007,0.513315108730304,0.268216310743302,0.201750870229402,0.661836870454214,0.338163129545785,0.11634031912404,0.106598725199153,80.99597014925375
S00893,北京交通枢纽0893店,北京,北京,一线,交通店,交通枢纽,主品牌,加盟,FALSE,非新店,2021-07-22,2026-05,24882.52000000001,13675.539999999997,11206.98,316,9890.8,405.13,2334.31,4140.27,8690.77,865.91,645.37,559.9,12630.239999999998,5006.18,9896.04,27532.46,12252.280000000013,-1444.6699999999873,-2649.939999999988,0.492405110093351,-0.0580596338313,-0.106498055663172,0.549604300529046,0.450395699470954,0.166392712635215,0.349272099449734,78.7421518987342
S00897,济南校园0897店,山东,济南,二线,学校店,校园,主品牌,直营,FALSE,非新店,2025-03-05,2026-03,23775.61,16546.39,7229.22,245,9199.15,337.66,1594.91,3399.65,3357.75,969.11,656.8,1000.96,11131.72,4368.76,5015.51,20515.989999999998,12643.890000000001,4917.380000000001,3259.6200000000026,0.531800866518251,0.206824556762161,0.137099321531603,0.695939662536524,0.304060337463476,0.142988970629986,0.141226660430584,97.04330612244898
S00900,青岛写字楼0900店,山东,青岛,新一线,快取店,写字楼,主品牌,加盟,FALSE,非新店,2024-12-01,2026-02,12473.08,7154.860000000001,5318.22,139,4861.8,198.65,1090.58,1365.76,1058.06,383.91,322.87,241.24,6151.03,1749.67,1622.1699999999998,9522.87,6322.05,3514.32,2950.209999999999,0.506855564142938,0.281752381929724,0.236526182787251,0.573624156984482,0.426375843015518,0.109496611903395,0.084827484470556,89.73438848920863
S00900,青岛写字楼0900店,山东,青岛,新一线,快取店,写字楼,主品牌,加盟,FALSE,非新店,2024-12-01,2026-03,41211.41,26541.980000000007,14669.430000000002,397,16756.88,650.42,3522.22,3747.88,4389.99,1257.96,935.43,669.71,20929.52,5005.84,5995.13,31930.489999999998,20281.890000000003,10886.060000000003,9280.920000000006,0.492142588666585,0.264151602675084,0.225202680519788,0.644044452737725,0.355955547262275,0.090942775313924,0.106523654492773,103.80707808564233
S00905,珠海购物中心0905店,广东,珠海,二线,商场店,购物中心,主品牌,直营,FALSE,非新店,2024-12-03,2026-05,18894.94,12447.269999999999,6447.669999999999,222,7423.14,288.63,1301.66,3661.58,5228.21,687.73,489.26,849.07,9013.43,4349.3099999999995,6566.54,19929.28,9881.509999999998,303.9899999999989,-1034.3400000000001,0.522971229334414,0.016088434258061,-0.054741639825265,0.658762081276786,0.341237918723214,0.193786272938681,0.27669894691383,85.11234234234233
S00915,昆明街边店0915店,云南,昆明,二线,学校店,街边店,主品牌,直营,FALSE,非新店,2021-11-24,2026-02,6000.2699999999995,5048.160000000001,952.11,72,2142.29,68.98,211.94,889.05,793.43,113.5,142.79,256.42,2423.21,1002.55,1192.6399999999999,4618.400000000001,3577.0599999999995,1781.0799999999995,1381.869999999999,0.59614983992387,0.296833309167754,0.230301303108027,0.841322140503677,0.158677859496323,0.148168332425041,0.132232382876104,83.33708333333333
S00921,太原购物中心0921店,山西,太原,二线,旗舰店,购物中心,主品牌,直营,FALSE,非新店,2021-08-08,2026-03,52834.210000000014,37144.72999999999,15689.480000000001,712,22114.94,836.0,3269.93,13257.0,19847.42,1758.21,1389.97,2349.99,26220.87,15015.21,23587.379999999997,64823.45999999999,26613.340000000015,-8249.289999999983,-11989.249999999978,0.503714165499967,-0.156135390308665,-0.226922102175844,0.703043160861116,0.296956839138884,0.250916972166329,0.375654713111069,74.20535112359552
S00923,郑州交通枢纽0923店,河南,郑州,新一线,交通店,交通枢纽,主品牌,加盟,FALSE,非新店,2024-05-25,2026-05,22568.630000000005,16116.099999999995,6452.53,270,8199.58,300.25,1435.75,4332.67,7490.25,684.4,635.34,434.82,9935.58,5017.07,8560.41,23513.06,12633.050000000005,125.73000000000502,-944.4299999999967,0.559761491947008,0.005571007190069,-0.041847023944298,0.714092968868735,0.285907031131265,0.191977536961703,0.33188766885717,83.58751851851854
S00928,广州写字楼0928店,广东,广州,一线,写字楼店,写字楼,主品牌,直营,FALSE,非新店,2022-10-28,2026-04,52380.35999999999,34477.91000000002,17902.45,580,18692.08,739.47,4288.62,11720.98,10111.04,1835.55,1067.67,2415.53,23720.170000000002,13556.529999999999,13594.240000000002,50870.94,28660.18999999999,4992.619999999992,1509.419999999991,0.547155269646868,0.095314732468429,0.028816525888711,0.658222089347993,0.341777910652008,0.223766694234251,0.193031128461126,90.31096551724137
S00942,三亚写字楼0942店,海南,三亚,二线,学校店,写字楼,主品牌,加盟,FALSE,非新店,2024-04-26,2026-02,7835.76,6294.54,1541.22,98,3076.42,93.19,318.08,1252.67,975.52,212.51,226.01,171.78,3487.69,1465.18,1373.31,6326.180000000001,4348.07,1907.3699999999994,1509.579999999999,0.554900864753387,0.243418634567674,0.192652659091141,0.803309442861956,0.196690557138044,0.159865794766557,0.124495900844334,79.95673469387755
S00950,广州社区0950店,广东,广州,一线,快取店,社区,子品牌-便利,直营,FALSE,非新店,2021-04-22,2026-05,18154.149999999994,10759.010000000004,7395.139999999999,222,6645.79,266.21,1671.14,1898.77,1341.59,528.34,483.98,819.96,8583.14,2427.11,2645.5299999999997,13655.779999999999,9571.009999999995,5802.309999999994,4498.369999999995,0.52720782851304,0.319613421724509,0.247787420507157,0.592647411197991,0.40735258880201,0.104591512133589,0.073899907183757,81.77545045045042
S00952,东莞购物中心0952店,广东,东莞,新一线,旗舰店,购物中心,子品牌-便利,直营,FALSE,非新店,2023-02-15,2026-02,24772.1,18067.58,6704.5199999999995,316,8864.3,383.58,1418.51,6780.6,10691.24,734.89,658.9,1015.62,10666.39,7515.490000000001,12365.76,30547.639999999996,14105.71,-4101.020000000001,-5775.539999999997,0.569419225661127,-0.165549953374966,-0.233146967758083,0.729351972582058,0.270648027417942,0.273719224450087,0.431583919005656,78.39272151898734
S00952,东莞购物中心0952店,广东,东莞,新一线,旗舰店,购物中心,子品牌-便利,直营,FALSE,非新店,2023-02-15,2026-03,98419.50000000007,67955.38000000002,30464.119999999984,981,38538.4,1613.98,6823.3,26730.81,41552.12,3289.54,2357.35,4134.63,46975.68000000001,30020.350000000002,48044.1,125040.13000000002,51443.820000000065,-20128.64999999994,-26620.629999999946,0.522699465045037,-0.204518921555179,-0.270481256255111,0.690466625008255,0.309533374991744,0.271600749851401,0.422193975787318,100.32568807339457
S00965,佛山交通枢纽0965店,广东,佛山,新一线,交通店,交通枢纽,子品牌-便利,加盟,FALSE,非新店,2024-02-03,2026-05,18031.179999999997,12609.149999999996,5422.030000000001,272,7008.55,259.66,1156.32,3504.01,6254.33,393.44,456.93,322.51,8424.53,3897.4500000000003,7033.77,19355.75,9606.649999999996,-545.1300000000047,-1324.5700000000033,0.532779884622082,-0.030232630365844,-0.07345997322416,0.69929699553773,0.30070300446227,0.194330598441145,0.3468619358245,66.29110294117646
S00967,武汉CBD0967店,湖北,武汉,新一线,写字楼店,CBD,子品牌-精品,加盟,FALSE,非新店,2022-12-26,2026-02,14347.21,9295.039999999997,5052.17,177,5539.9,226.19,1183.81,2775.26,2303.67,407.52,368.4,246.01,6949.9,3182.78,2918.08,13050.76,7397.3099999999995,1910.8599999999988,1296.449999999999,0.515592230126972,0.13318687047865,0.090362516475329,0.647863940097064,0.352136059902936,0.193435518125127,0.160565712776212,81.0576836158192
S00978,南宁交通枢纽0978店,广西,南宁,二线,学校店,交通枢纽,主品牌,加盟,FALSE,非新店,2023-04-15,2026-04,20895.50000000001,15757.95,5137.550000000002,244,8173.38,288.88,1107.7,3068.51,2686.56,367.46,529.11,379.56,9569.960000000001,3435.9700000000003,3595.23,16601.16,11325.54000000001,5203.010000000009,4294.340000000011,0.54200856643775,0.249001459644421,0.205515063051854,0.754131272283506,0.245868727716494,0.146850278768156,0.128571223469168,85.63729508196725
S00896,西安CBD0896店,陕西,西安,新一线,快取店,CBD,子品牌-便利,直营,FALSE,非新店,2023-03-15,2026-03,36667.21,22067.49,14599.720000000001,444,15335.58,602.97,3029.96,3344.13,2342.57,1178.75,766.84,1575.9,18968.51,4522.88,4685.31,28176.7,17698.7,10833.25,8490.509999999998,0.482684665672681,0.295447894726651,0.231555932398456,0.60183171831181,0.39816828168819,0.091202194003852,0.06388732603326,82.5838063063063
S00914,中山CBD0914店,广东,中山,二线,写字楼店,CBD,主品牌,直营,FALSE,非新店,2024-11-06,2026-04,35948.85999999997,22098.58999999999,13850.270000000002,399,12369.84,579.91,3360.21,6621.27,5709.85,1090.0,879.82,1518.01,16309.96,7711.27,8107.68,32128.91,19638.899999999972,6217.779999999972,3819.9499999999716,0.546301050992994,0.172961812975432,0.106260671409329,0.614722970352885,0.385277029647116,0.18418581284636,0.15883257494118,90.0973934837092
S00917,武汉购物中心0917店,湖北,武汉,新一线,商场店,购物中心,主品牌,直营,FALSE,非新店,2024-04-10,2026-03,47996.04999999998,35685.97,12310.08,455,18842.41,721.12,2746.19,10307.21,12387.24,1532.18,1130.19,2193.42,22309.719999999998,11839.39,15710.85,49859.96,25686.329999999984,1459.6999999999844,-1863.910000000018,0.535175915518048,0.030412919396492,-0.038834654101744,0.743518893742298,0.256481106257703,0.214751213901977,0.258088738552443,105.48582417582413
S00921,太原购物中心0921店,山西,太原,二线,旗舰店,购物中心,主品牌,直营,FALSE,非新店,2021-08-08,2026-04,57993.880000000005,40071.27,17922.61,687,19839.41,830.84,4310.91,13964.99,25446.62,1997.06,1447.66,2814.75,24981.16,15962.05,29709.03,70652.24,33012.72,-8395.949999999997,-12658.36,0.569244892736958,-0.144773034671934,-0.218270617520331,0.690956873380432,0.309043126619567,0.240801098322789,0.438781126560251,84.41612809315866
S00928,广州写字楼0928店,广东,广州,一线,写字楼店,写字楼,主品牌,直营,FALSE,非新店,2022-10-28,2026-03,57232.289999999986,42309.67,14922.619999999997,632,21521.01,714.49,3228.05,11528.71,11226.15,2238.05,1504.75,2679.49,25463.55,13766.759999999998,15410.39,54640.7,31768.739999999987,6775.829999999989,2591.5899999999892,0.555084201593191,0.118391733058383,0.04528195534374,0.7392622241745,0.2607377758255,0.201437160735662,0.196150634545639,90.55742088607593
S00928,广州写字楼0928店,广东,广州,一线,写字楼店,写字楼,主品牌,直营,FALSE,非新店,2022-10-28,2026-05,37257.200000000004,23613.100000000006,13644.1,393,13783.1,578.1,2733.45,7913.61,5530.41,993.12,1043.16,1531.28,17094.65,8906.73,8104.849999999999,34106.23,20162.550000000003,5725.4100000000035,3150.970000000001,0.541171907711798,0.153672578723039,0.084573451574461,0.633786221186777,0.366213778813223,0.212404850606057,0.148438691044952,94.80203562340968
S00930,郑州CBD0930店,河南,郑州,新一线,写字楼店,CBD,主品牌,直营,FALSE,非新店,2022-11-01,2026-03,43962.66000000001,29308.860000000015,14653.799999999997,517,17111.8,604.73,2994.64,9064.79,6571.68,1898.17,1162.18,1800.91,20711.17,10962.960000000001,9534.77,41208.9,23251.490000000013,5716.850000000011,2753.7600000000093,0.528891791352025,0.130038764715329,0.062638611949323,0.666676220228712,0.333323779771288,0.206192937370032,0.149483220533061,85.03415860735012
S00935,长沙写字楼0935店,湖南,长沙,新一线,写字楼店,写字楼,主品牌,直营,FALSE,非新店,2021-05-09,2026-05,32567.95999999999,19661.479999999996,12906.479999999998,305,11976.48,530.36,3186.67,6050.75,5612.27,1428.49,909.56,1555.76,15693.51,7479.24,8077.59,31250.340000000004,16874.44999999999,3782.9399999999896,1317.6199999999844,0.518130395640378,0.116155264253579,0.040457553988644,0.603706219241242,0.396293780758758,0.185788425188437,0.172324886176475,106.78019672131144
S00949,北京社区0949店,北京,北京,一线,社区店,社区,主品牌,直营,FALSE,非新店,2021-03-23,2026-05,29231.349999999995,17356.699999999997,11874.650000000001,255,10869.61,462.65,2886.88,4729.85,4139.01,1328.27,857.59,1444.72,14219.14,6058.120000000001,6441.320000000001,26718.58,15012.209999999995,4815.0799999999945,2512.769999999993,0.513565401529522,0.164723148263765,0.085961476291721,0.593770044832004,0.406229955167996,0.161807443036329,0.141594897259278,114.6327450980392
S00960,青岛交通枢纽0960店,山东,青岛,新一线,快取店,交通枢纽,主品牌,直营,FALSE,非新店,2023-03-22,2026-05,24113.880000000005,14349.26,9764.62,230,8311.95,362.88,1997.14,2489.52,1758.24,526.86,708.78,1184.04,10671.97,3016.38,3651.06,17339.41,13441.910000000005,8667.290000000006,6774.470000000005,0.557434556363389,0.359431580483937,0.280936539453626,0.595062262895892,0.404937737104108,0.103240125604009,0.07291402296105,104.84295652173915
S00962,长沙写字楼0962店,湖南,长沙,新一线,快取店,写字楼,主品牌,直营,FALSE,非新店,2024-10-14,2026-04,35740.63999999999,20177.98,15562.660000000002,390,13845.88,575.13,3829.12,3146.42,2569.96,1144.35,802.27,1753.13,18250.129999999997,4290.77,5125.360000000001,27666.259999999995,17490.509999999995,10629.779999999995,8074.379999999997,0.489373161756477,0.297414371986624,0.225915932115373,0.564566834841234,0.435433165158766,0.08803479736233,0.071905819257853,91.64266666666664
S00971,南通CBD0971店,江苏,南通,二线,写字楼店,CBD,主品牌,加盟,FALSE,非新店,2025-06-30,2026-02,9308.35,7003.920000000002,2304.43,137,3675.32,134.63,541.71,1757.72,1452.84,365.03,249.73,139.85,4351.66,2122.75,1842.4199999999998,8316.83,4956.6900000000005,1381.1000000000006,991.5200000000004,0.532499315131038,0.148372160479569,0.106519415363625,0.752434104862838,0.247565895137162,0.188832607282709,0.156079219195668,67.94416058394161
S00890,嘉兴街边店0890店,浙江,嘉兴,二线,快取店,街边店,主品牌,直营,FALSE,非新店,2024-08-10,2026-02,6708.149999999999,3672.3700000000003,3035.7799999999997,71,2607.92,122.96,621.93,702.89,531.95,206.39,143.05,332.13,3352.81,909.28,1007.13,5269.22,3355.339999999999,1914.1099999999985,1438.9299999999985,0.500188576582217,0.28534096584006,0.214504744229035,0.547448998606173,0.452551001393827,0.104781497134083,0.079299061589261,94.48098591549294
S00892,常州交通枢纽0892店,江苏,常州,二线,交通店,交通枢纽,子品牌-精品,直营,FALSE,非新店,2024-04-23,2026-05,17998.48,12386.989999999998,5611.49,202,7196.3,288.51,1296.13,2998.3,6836.43,758.63,448.57,829.99,8780.94,3756.9300000000003,8114.99,20652.860000000004,9217.539999999999,-1375.8200000000015,-2654.3800000000047,0.512128801987723,-0.076440899453732,-0.147478009254115,0.688224227823683,0.311775772176317,0.166586289508892,0.37983374151595,89.10138613861386
S00923,郑州交通枢纽0923店,河南,郑州,新一线,交通店,交通枢纽,主品牌,加盟,FALSE,非新店,2024-05-25,2026-04,36540.919999999984,27111.89,9429.03,398,12963.67,455.5,2225.95,7126.31,12039.43,1310.43,1052.16,735.91,15645.119999999999,8436.74,13827.5,37909.36000000001,20895.799999999985,419.62999999998465,-1368.4400000000242,0.571846576386144,0.011483837845352,-0.037449522343718,0.74195969888005,0.25804030111995,0.19502273068111,0.329478020805169,91.81135678391956
S00931,广州购物中心0931店,广东,广州,一线,快取店,购物中心,主品牌,加盟,FALSE,非新店,2025-02-10,2026-03,37816.83000000003,23530.22,14286.609999999999,469,15872.3,623.53,3192.79,4451.82,3811.42,825.18,1036.66,621.96,19688.62,5277.0,5470.04,30435.66,18128.210000000032,9039.790000000032,7381.170000000031,0.479368841862208,0.239041453236562,0.195182145092543,0.622215558522488,0.377784441477511,0.117720602176332,0.100786343011828,80.63289978678046
S00932,昆明CBD0932店,云南,昆明,二线,快取店,CBD,主品牌,加盟,FALSE,非新店,2023-04-18,2026-03,34182.900000000016,23891.4,10291.5,332,12376.28,499.16,2321.71,3351.98,2654.86,899.77,694.67,526.39,15197.150000000001,4251.75,3875.92,23324.82,18985.750000000015,12079.140000000014,10858.080000000016,0.555416597187483,0.353367912026189,0.317646542569531,0.698928411574208,0.301071588425792,0.098060141181702,0.077666318539387,102.96054216867475
S00932,昆明CBD0932店,云南,昆明,二线,快取店,CBD,主品牌,加盟,FALSE,非新店,2023-04-18,2026-05,19678.339999999997,11713.739999999998,7964.599999999999,218,7161.72,315.6,1773.04,1681.32,1730.17,613.78,575.66,388.74,9250.36,2295.1,2694.5699999999997,14240.03,10427.979999999996,6402.7099999999955,5438.309999999996,0.529921731202937,0.325368399976827,0.276360201114525,0.595260575841255,0.404739424158745,0.085440133669812,0.087922558508492,90.26761467889906
S00968,天津购物中心0968店,天津,天津,新一线,快取店,购物中心,主品牌,直营,FALSE,非新店,2024-03-28,2026-05,18957.419999999995,12553.09,6404.329999999999,246,7257.86,272.49,1557.22,1692.03,1905.97,417.87,463.58,767.18,9087.57,2109.9,3136.73,14334.2,9869.849999999995,5853.979999999995,4623.219999999994,0.520632554429875,0.308796239150686,0.24387390267241,0.66217291171478,0.33782708828522,0.089254233962216,0.100539524893155,77.06268292682924
S00887,海口写字楼0887店,海南,海口,二线,写字楼店,写字楼,主品牌,直营,FALSE,非新店,2025-08-11,2026-05,19144.90999999999,11157.599999999997,7987.31,237,7323.81,333.11,1636.43,3803.88,3257.76,419.57,528.91,944.15,9293.35,4223.45,4730.82,18247.620000000003,9851.559999999989,2370.3499999999885,897.2899999999863,0.514578548554159,0.123810976390069,0.046868332104982,0.582797203016363,0.417202796983637,0.198688842099545,0.17016324443416,80.78021097046408
S00895,北京购物中心0895店,北京,北京,一线,旗舰店,购物中心,主品牌,直营,FALSE,非新店,2025-03-24,2026-05,67225.23000000001,46881.099999999984,20344.13,763,26806.44,982.14,4087.09,18470.05,35276.06,2846.17,1842.54,3126.92,31875.67,21316.22,40245.52,93437.40999999999,35349.56000000001,-21242.719999999987,-26212.17999999998,0.525837695162962,-0.31599326621865,-0.389915809882688,0.69737359024283,0.30262640975717,0.2747487810752,0.524744355653376,88.10646133682832
S00906,武汉CBD0906店,湖北,武汉,新一线,写字楼店,CBD,主品牌,直营,FALSE,非新店,2025-03-10,2026-04,48594.06,37195.62000000001,11398.44,515,19023.95,674.05,2555.67,9025.47,7017.1,1143.82,1360.21,2169.45,22253.67,10169.289999999999,10546.760000000002,42969.719999999994,26340.39,9154.0,5624.340000000004,0.542049583838025,0.188376933312425,0.115741306653529,0.765435528539908,0.234564471460092,0.185731959832128,0.144402422847566,94.35739805825243
S00910,长春校园0910店,吉林,长春,二线,学校店,校园,主品牌,直营,FALSE,非新店,2023-09-13,2026-04,23545.49000000001,13578.990000000002,9966.5,238,9546.42,366.8,2433.45,3780.84,3488.16,572.2,648.46,1029.7,12346.669999999998,4353.04,5166.32,21866.03,11198.82000000001,3357.620000000011,1679.46000000001,0.475624843653711,0.142601406893635,0.071328309582855,0.576712992594335,0.423287007405664,0.160575974422278,0.148145568429453,98.93063025210088
S00916,厦门写字楼0916店,福建,厦门,二线,快取店,写字楼,主品牌,加盟,FALSE,非新店,2025-06-20,2026-05,17934.830000000005,12613.240000000002,5321.589999999999,200,6109.44,225.7,1158.19,2113.79,1057.3,504.44,364.85,440.62,7493.33,2618.23,1862.77,11974.33,10441.500000000005,6765.970000000006,5960.5000000000055,0.582191188876616,0.37725308798578,0.332342152114071,0.703281826479537,0.296718173520463,0.11785949462582,0.058952329071421,89.67415000000003
S00919,苏州购物中心0919店,江苏,苏州,新一线,商场店,购物中心,主品牌,直营,FALSE,非新店,2021-07-14,2026-02,12218.879999999996,9043.529999999999,3175.35,148,4192.71,179.85,762.47,2485.25,3065.47,472.39,360.29,598.67,5135.030000000001,2957.64,4024.43,12117.1,7083.849999999995,1060.7399999999957,101.7799999999952,0.579746261523151,0.086811557196731,0.008329732348627,0.740127573067254,0.259872426932747,0.203394255447308,0.250879786036036,82.55999999999997
S00919,苏州购物中心0919店,江苏,苏州,新一线,商场店,购物中心,主品牌,直营,FALSE,非新店,2021-07-14,2026-03,43858.75999999999,33786.58,10072.18,442,15634.15,576.9,2140.8,9027.14,11973.19,1638.14,1280.23,2123.45,18351.85,10665.279999999999,15376.869999999999,44394.0,25506.90999999999,2868.4399999999896,-535.2400000000125,0.581569337573611,0.065401757824434,-0.0122037193938,0.770349640527913,0.229650359472087,0.205822964443135,0.272994266139763,99.22796380090494
S00929,常州购物中心0929店,江苏,常州,二线,商场店,购物中心,主品牌,直营,FALSE,非新店,2024-07-20,2026-05,18106.37,13734.550000000001,4371.82,217,7583.06,244.65,1023.69,3262.03,4821.6,703.18,451.66,817.89,8851.4,3965.21,6091.150000000001,18907.76,9254.97,468.15999999999894,-801.3899999999994,0.511144420444297,0.025856093739386,-0.044260113981985,0.75854795853614,0.241452041463861,0.180159247822728,0.266293022842237,83.4394930875576
S00951,南宁校园0951店,广西,南宁,二线,学校店,校园,主品牌,直营,FALSE,非新店,2025-01-31,2026-02,6623.179999999999,3632.82,2990.36,83,2363.47,121.89,626.31,1111.04,856.59,263.42,152.42,271.79,3111.6699999999996,1374.46,1280.8,5766.929999999999,3511.5099999999998,1280.4599999999996,856.25,0.530184896077111,0.193330092191364,0.129280798649591,0.548500871182725,0.451499128817275,0.16775023478148,0.129332133506865,79.79734939759035
S00957,南昌交通枢纽0957店,江西,南昌,二线,交通店,交通枢纽,主品牌,直营,FALSE,非新店,2024-02-23,2026-03,28870.699999999997,18123.920000000006,10746.779999999997,334,10906.6,452.2,2263.51,4773.81,8256.89,1153.63,591.19,1419.42,13622.310000000001,5927.4400000000005,10267.5,29817.25,15248.389999999996,1064.0599999999959,-946.5500000000029,0.528161423172975,0.036856051290755,-0.032785834773663,0.627761709968931,0.37223829003107,0.165351377001597,0.285995490237507,86.43922155688622
S00957,南昌交通枢纽0957店,江西,南昌,二线,交通店,交通枢纽,主品牌,直营,FALSE,非新店,2024-02-23,2026-04,26116.219999999998,17454.390000000003,8661.830000000002,311,9059.84,352.25,2078.59,4926.45,9794.7,777.23,569.24,1283.01,11490.68,5703.68,11646.95,28841.31,14625.539999999997,-872.8400000000038,-2725.090000000004,0.560017491045794,-0.033421375681473,-0.104344732890135,0.66833523381255,0.33166476618745,0.188635644821494,0.375042789500165,83.97498392282958
S00974,长春购物中心0974店,吉林,长春,二线,快取店,购物中心,主品牌,直营,FALSE,非新店,2022-11-23,2026-02,7753.730000000001,5151.910000000001,2601.8199999999997,90,2645.45,119.2,523.65,772.93,564.6,181.06,181.24,366.06,3288.2999999999997,953.99,1111.9,5354.1900000000005,4465.430000000002,2946.8400000000024,2399.540000000001,0.57590733750079,0.380054502800588,0.309469120023524,0.66444279076006,0.33555720923994,0.099684925835695,0.072816566994208,86.15255555555557
S00886,乌鲁木齐购物中心0886店,新疆,乌鲁木齐,三线,外卖卫星店,购物中心,子品牌-精品,加盟,FALSE,非新店,2023-03-26,2026-03,17650.530000000002,1512.99,16137.540000000003,148,6014.17,466.77,3390.7,2181.47,744.04,421.59,475.04,294.62,9871.64,2603.06,1513.6999999999998,13988.4,7778.890000000003,4431.790000000004,3662.130000000003,0.440717077617499,0.25108537817278,0.207479888705892,0.085719239025684,0.914280760974316,0.123592322723454,0.042153974979788,119.26033783783785
S00891,南京社区0891店,江苏,南京,新一线,快取店,社区,主品牌,加盟,FALSE,非新店,2025-06-21,2026-02,8787.380000000001,4242.06,4545.32,72,3013.68,148.79,928.73,765.42,938.74,240.13,197.15,149.37,4091.2,1005.55,1285.2600000000002,6382.009999999999,4696.180000000001,2751.8900000000012,2405.3700000000017,0.534423229677105,0.313163878198052,0.273730053781673,0.482744572329864,0.517255427670136,0.087104461170451,0.106828201352394,122.04694444444446
S00909,宜昌购物中心0909店,湖北,宜昌,三线,快取店,购物中心,主品牌,直营,FALSE,非新店,2025-05-25,2026-03,12897.719999999998,6585.550000000002,6312.170000000001,193,5070.0,242.79,1388.25,1402.31,991.04,261.05,347.76,572.95,6701.04,1663.36,1911.75,10276.15,6196.679999999998,3542.279999999998,2621.569999999998,0.480447707036592,0.274643890548097,0.203258405361568,0.510597997165391,0.48940200283461,0.108725418135919,0.076838386939707,66.82756476683936
S00925,珠海写字楼0925店,广东,珠海,二线,写字楼店,写字楼,子品牌-便利,加盟,FALSE,非新店,2024-03-18,2026-03,34246.77999999999,24027.78,10219.0,365,13694.64,550.34,2381.73,7679.07,4728.12,1400.71,837.99,669.86,16626.71,9079.779999999999,6235.969999999999,31942.46,17620.069999999992,3812.1699999999937,2304.3199999999924,0.514502969330255,0.11131469878336,0.067285741900406,0.701606983196669,0.298393016803332,0.224227504016436,0.138060278951773,93.82679452054792
S00927,沈阳购物中心0927店,辽宁,沈阳,新一线,商场店,购物中心,主品牌,加盟,FALSE,非新店,2023-06-28,2026-03,34874.290000000015,23372.140000000003,11502.15,455,11857.56,519.53,2677.91,7192.55,8383.03,1593.75,791.23,862.06,15055.0,8786.3,10036.32,33877.62,19819.290000000015,2649.9600000000155,996.6700000000128,0.568306623590043,0.075986063085442,0.028578933076487,0.670182532748337,0.329817467251663,0.206242191597306,0.240378513799134,76.64679120879124
S00942,三亚写字楼0942店,海南,三亚,二线,学校店,写字楼,主品牌,加盟,FALSE,非新店,2024-04-26,2026-05,17229.420000000002,12319.419999999998,4910.0,203,6587.57,245.42,1192.39,2438.61,2093.76,399.86,411.71,349.75,8025.38,2838.4700000000003,2855.2200000000003,13719.07,9204.04,4271.81,3510.350000000002,0.534204865863157,0.247936958992235,0.203741623339613,0.715022328087655,0.284977671912345,0.14153755611042,0.121522372778654,84.87399014778326
S00943,苏州CBD0943店,江苏,苏州,新一线,写字楼店,CBD,主品牌,直营,FALSE,非新店,2022-05-19,2026-02,18202.960000000003,14564.640000000003,3638.32,178,6553.72,225.16,786.26,3696.77,3083.27,629.31,433.61,862.31,7565.14,4326.08,4379.1900000000005,16270.41,10637.820000000003,3228.4700000000034,1932.550000000003,0.58440055902996,0.177359616238238,0.106166799245837,0.800124814865275,0.199875185134725,0.203086201365053,0.169382891573678,102.26382022471911
S00945,杭州写字楼0945店,浙江,杭州,新一线,快取店,写字楼,主品牌,加盟,FALSE,非新店,2022-06-10,2026-04,38118.37,25166.67,12951.700000000004,421,15102.23,535.45,2856.55,3753.71,3114.92,1123.87,1134.25,768.39,18494.23,4877.58,5017.56,28389.37,19624.140000000003,11631.640000000003,9729.000000000004,0.514821069211511,0.305145261982608,0.255231270382233,0.660224191118351,0.33977580888165,0.098475092193082,0.08171703039768,90.54244655581948
S00963,贵阳购物中心0963店,贵州,贵阳,二线,商场店,购物中心,主品牌,加盟,FALSE,非新店,2022-04-17,2026-02,12477.7,7777.079999999999,4700.62,112,4496.58,188.19,1039.04,2638.48,3457.24,437.83,266.79,236.77,5723.8099999999995,3076.31,3960.7999999999997,12760.92,6753.890000000001,220.3400000000015,-283.21999999999935,0.541276837878776,0.017658703126378,-0.022698093398623,0.623278328538112,0.376721671461888,0.211455636856151,0.277073499122434,111.40803571428572
S00976,海口社区0976店,海南,海口,二线,社区店,社区,主品牌,加盟,FALSE,非新店,2021-10-07,2026-02,8166.039999999999,6896.029999999998,1270.01,75,3048.34,90.77,302.37,1070.77,727.13,229.29,181.6,167.26,3441.48,1300.06,1075.99,5817.530000000001,4724.5599999999995,2697.3699999999994,2348.5099999999984,0.578561946794285,0.330315550744302,0.287594721554144,0.844476637390951,0.155523362609049,0.131124755695539,0.089043159230178,108.88053333333332
S00890,嘉兴街边店0890店,浙江,嘉兴,二线,快取店,街边店,主品牌,直营,FALSE,非新店,2024-08-10,2026-05,12892.429999999997,8401.75,4490.68,128,5080.91,202.14,1012.05,1192.2,1114.52,425.85,333.8,610.52,6295.1,1618.0500000000002,2058.84,9971.99,6597.329999999996,3864.759999999996,2920.439999999997,0.511721219351201,0.299769709821965,0.226523626655332,0.651680870091984,0.348319129908016,0.092472869738288,0.086447628569634,100.72210937499997
S00892,常州交通枢纽0892店,江苏,常州,二线,交通店,交通枢纽,子品牌-精品,直营,FALSE,非新店,2024-04-23,2026-02,6138.06,3805.28,2332.7799999999997,101,2088.99,98.56,568.84,1185.32,2196.85,143.25,133.69,304.64,2756.39,1328.57,2635.18,6720.139999999999,3381.6700000000005,-143.74999999999955,-582.079999999999,0.550934660136916,-0.023419451748598,-0.094831265904862,0.619948322434124,0.380051677565876,0.193109875107119,0.357906243992401,60.772871287128716
S00905,珠海购物中心0905店,广东,珠海,二线,商场店,购物中心,主品牌,直营,FALSE,非新店,2024-12-03,2026-03,26953.039999999994,15784.500000000004,11168.54,322,9763.72,459.11,2543.21,5550.26,6402.92,692.64,710.58,1115.47,12766.04,6242.900000000001,8228.97,27237.910000000003,14186.999999999993,1541.179999999992,-284.8700000000099,0.526359920810417,0.057180191918982,-0.010569123186105,0.585629672942273,0.414370327057727,0.20592333925969,0.237558360763758,83.70509316770185
S00910,长春校园0910店,吉林,长春,二线,学校店,校园,主品牌,直营,FALSE,非新店,2023-09-13,2026-02,4978.79,3824.4500000000003,1154.34,76,1963.49,66.9,247.04,724.7,692.44,126.4,132.93,208.77,2277.4300000000003,851.1,1034.14,4162.67,2701.3599999999997,1157.8199999999997,816.1199999999999,0.542573597199319,0.23255047913248,0.16391934586516,0.768148485877091,0.231851514122909,0.145557454722935,0.13907796874341,65.5103947368421
S00922,嘉兴写字楼0922店,浙江,嘉兴,二线,外卖卫星店,写字楼,子品牌-精品,直营,FALSE,非新店,2022-12-18,2026-03,24821.400000000005,2815.69,22005.709999999995,250,9486.54,592.46,5460.76,3219.99,2230.79,383.02,546.72,1226.49,15539.76,3603.0099999999998,4004.0,23146.770000000004,9281.640000000005,3447.8400000000047,1674.630000000001,0.373937005970654,0.138905944064396,0.067467185573739,0.113438001079713,0.886561998920286,0.129726365152651,0.089873657408526,99.28560000000002
S00926,武汉购物中心0926店,湖北,武汉,新一线,外卖卫星店,购物中心,子品牌-便利,加盟,FALSE,非新店,2025-03-25,2026-03,25152.360000000004,3690.52,21461.840000000004,287,9559.75,506.24,5271.38,2681.87,1371.65,476.55,582.79,585.73,15337.369999999999,3158.42,2540.17,21035.96,9814.990000000005,5284.9200000000055,4116.400000000005,0.390221434489646,0.210116267419837,0.163658599034047,0.146726589473115,0.853273410526885,0.106624984693285,0.054533650122692,87.63888501742161
S00930,郑州CBD0930店,河南,郑州,新一线,写字楼店,CBD,主品牌,直营,FALSE,非新店,2022-11-01,2026-02,17259.649999999994,11540.649999999996,5719.000000000001,172,6076.37,247.11,1157.53,3245.43,2250.64,721.93,390.51,717.46,7481.009999999999,3967.3599999999997,3358.6099999999997,14806.98,9778.639999999996,3560.6399999999962,2452.6699999999946,0.566560735588497,0.206298505473749,0.142104272102852,0.668649132514275,0.331350867485726,0.188035678591397,0.130398936247259,100.34680232558136
S00933,天津购物中心0933店,天津,天津,新一线,商场店,购物中心,主品牌,直营,FALSE,非新店,2023-09-12,2026-03,39598.33,28796.619999999995,10801.71,439,16257.4,577.99,2507.76,7344.32,10471.59,878.54,1129.0,1715.38,19343.15,8222.86,13315.970000000001,40881.979999999996,20255.18,1560.7299999999996,-1283.6499999999942,0.511516015953198,0.039414035894948,-0.032416771111307,0.727218041770953,0.272781958229046,0.185470447869898,0.264445243019087,90.20120728929385
S00938,沈阳校园0938店,辽宁,沈阳,新一线,学校店,校园,主品牌,加盟,FALSE,非新店,2021-06-14,2026-03,28309.130000000005,19515.149999999998,8793.980000000001,343,11794.57,386.81,1974.11,4733.98,3802.11,784.49,732.81,435.46,14155.49,5518.469999999999,4970.38,24644.340000000004,14153.640000000005,4833.060000000005,3664.790000000001,0.499967325029063,0.170724427066462,0.129456115394574,0.689358874681066,0.310641125318934,0.167224496125455,0.134306847296261,82.53390670553937
S00941,苏州购物中心0941店,江苏,苏州,新一线,学校店,购物中心,主品牌,加盟,FALSE,非新店,2021-05-24,2026-05,20586.370000000003,13518.830000000004,7067.539999999999,249,8463.7,308.66,1551.98,2917.79,2222.62,584.88,470.32,353.35,10324.34,3502.67,3046.29,16873.3,10262.030000000002,4536.7400000000025,3713.0700000000033,0.498486620030632,0.220375908914491,0.180365455395973,0.656688381681666,0.343311618318334,0.141734069678141,0.107965610255718,82.67618473895584
S00943,苏州CBD0943店,江苏,苏州,新一线,写字楼店,CBD,主品牌,直营,FALSE,非新店,2022-05-19,2026-05,29439.589999999997,18941.94,10497.65,348,11591.53,426.57,2201.67,6540.03,4365.76,993.37,622.85,1242.24,14219.77,7533.4,6230.85,27984.019999999997,15219.819999999996,3320.659999999996,1455.5699999999997,0.51698478137773,0.112795728473121,0.049442604329748,0.643417248677716,0.356582751322284,0.22215085196499,0.148295543518099,84.59652298850574
S00944,烟台购物中心0944店,山东,烟台,三线,外卖卫星店,购物中心,主品牌,直营,FALSE,非新店,2024-03-11,2026-04,12593.47,3412.48,9180.99,147,4735.51,238.89,1998.7,1477.6,960.29,347.62,280.66,570.1,6973.1,1825.2199999999998,1811.0500000000002,10609.370000000003,5620.369999999999,2834.859999999999,1984.0999999999967,0.446292403920444,0.225105550733833,0.157549904831631,0.270972178438508,0.729027821561492,0.117330648343943,0.076253010488769,85.66986394557823
S00948,珠海社区0948店,广东,珠海,二线,社区店,社区,子品牌-精品,加盟,FALSE,非新店,2022-10-30,2026-02,7758.83,4802.070000000001,2956.7600000000007,72,2950.36,120.42,674.63,1151.19,934.15,278.3,223.77,176.46,3745.4100000000003,1429.49,1334.38,6509.280000000001,4013.4199999999996,1649.7799999999993,1249.5499999999993,0.517271289614542,0.212632574756761,0.16104876637328,0.618916769667592,0.381083230332408,0.14837159726402,0.120398307476772,107.76152777777777
S00948,珠海社区0948店,广东,珠海,二线,社区店,社区,子品牌-精品,加盟,FALSE,非新店,2022-10-30,2026-03,18836.39,15138.29,3698.1000000000004,234,6649.99,261.7,893.1,2503.7,2226.54,396.5,495.4,350.24,7804.79,2900.2,3072.1800000000003,13777.169999999998,11031.599999999999,5904.859999999999,5059.220000000001,0.585653620465493,0.31348151105387,0.268587558444054,0.803672572079894,0.196327427920106,0.132918250259206,0.118204178189133,80.49739316239317
S00975,深圳CBD0975店,广东,深圳,一线,写字楼店,CBD,主品牌,直营,FALSE,非新店,2025-02-14,2026-05,32182.19000000001,22517.5,9664.690000000002,427,12413.9,513.64,2033.55,6803.69,6537.39,1373.94,916.67,1464.04,14961.089999999998,8177.629999999999,8918.1,32056.819999999996,17221.100000000013,2506.0800000000136,125.37000000001353,0.535112744036376,0.07787164266944,0.003895632957235,0.699688243714924,0.300311756285076,0.21141165346423,0.20313689031107,75.36812646370025
S00977,厦门校园0977店,福建,厦门,二线,旗舰店,校园,子品牌-精品,直营,FALSE,非新店,2021-10-24,2026-04,44279.05,32654.740000000016,11624.310000000001,515,16470.16,661.54,2806.34,11765.86,15968.93,2618.64,1225.21,1846.15,19938.04,14384.5,19040.29,53362.83,24341.010000000002,-6012.419999999998,-9083.779999999999,0.549718433435225,-0.135784755996346,-0.205148484441288,0.73747607502871,0.26252392497129,0.265720696356403,0.360643012892101,85.97873786407767
